scoot_name,description,time,congestion_percentage,current_flow,average_speed,link_travel_time,start_lat,start_long,end_lat,end_long
N22161B,"Barlow Moor Rd southbound approach at junction of Wilbraham Rd/Barlow Moor Rd, Manchester.",2020-11-07T12:20:15Z,0,38,37,43,-2.27825343856989,53.4438719984499,-2.27728350649639,53.4426521556298
N22161B,"Barlow Moor Rd southbound approach at junction of Wilbraham Rd/Barlow Moor Rd, Manchester.",2020-11-07T12:21:18Z,0,38,37,43,-2.27825343856989,53.4438719984499,-2.27728350649639,53.4426521556298
N22161B,"Barlow Moor Rd southbound approach at junction of Wilbraham Rd/Barlow Moor Rd, Manchester.",2020-11-07T12:22:14Z,0,38,37,43,-2.27825343856989,53.4438719984499,-2.27728350649639,53.4426521556298
N22161B,"Barlow Moor Rd southbound approach at junction of Wilbraham Rd/Barlow Moor Rd, Manchester.",2020-11-07T12:23:16Z,0,38,37,43,-2.27825343856989,53.4438719984499,-2.27728350649639,53.4426521556298
N22161B,"Barlow Moor Rd southbound approach at junction of Wilbraham Rd/Barlow Moor Rd, Manchester.",2020-11-07T12:24:18Z,0,38,37,43,-2.27825343856989,53.4438719984499,-2.27728350649639,53.4426521556298
N22161B,"Barlow Moor Rd southbound approach at junction of Wilbraham Rd/Barlow Moor Rd, Manchester.",2020-11-07T12:25:19Z,0,38,37,43,-2.27825343856989,53.4438719984499,-2.27728350649639,53.4426521556298
N22161B,"Barlow Moor Rd southbound approach at junction of Wilbraham Rd/Barlow Moor Rd, Manchester.",2020-11-07T12:26:15Z,0,38,37,43,-2.27825343856989,53.4438719984499,-2.27728350649639,53.4426521556298
N22161B,"Barlow Moor Rd southbound approach at junction of Wilbraham Rd/Barlow Moor Rd, Manchester.",2020-11-07T12:27:16Z,0,38,37,43,-2.27825343856989,53.4438719984499,-2.27728350649639,53.4426521556298
N22161B,"Barlow Moor Rd southbound approach at junction of Wilbraham Rd/Barlow Moor Rd, Manchester.",2020-11-07T12:28:14Z,0,38,37,43,-2.27825343856989,53.4438719984499,-2.27728350649639,53.4426521556298
N22161B,"Barlow Moor Rd southbound approach at junction of Wilbraham Rd/Barlow Moor Rd, Manchester.",2020-11-07T12:29:16Z,0,38,37,43,-2.27825343856989,53.4438719984499,-2.27728350649639,53.4426521556298
N22161B,"Barlow Moor Rd southbound approach at junction of Wilbraham Rd/Barlow Moor Rd, Manchester.",2020-11-07T12:30:15Z,0,38,37,43,-2.27825343856989,53.4438719984499,-2.27728350649639,53.4426521556298
N22161B,"Barlow Moor Rd southbound approach at junction of Wilbraham Rd/Barlow Moor Rd, Manchester.",2020-11-07T12:31:16Z,0,38,37,43,-2.27825343856989,53.4438719984499,-2.27728350649639,53.4426521556298
N22161B,"Barlow Moor Rd southbound approach at junction of Wilbraham Rd/Barlow Moor Rd, Manchester.",2020-11-07T12:32:14Z,0,38,37,43,-2.27825343856989,53.4438719984499,-2.27728350649639,53.4426521556298
N22161B,"Barlow Moor Rd southbound approach at junction of Wilbraham Rd/Barlow Moor Rd, Manchester.",2020-11-07T12:33:14Z,0,38,37,43,-2.27825343856989,53.4438719984499,-2.27728350649639,53.4426521556298
N22161B,"Barlow Moor Rd southbound approach at junction of Wilbraham Rd/Barlow Moor Rd, Manchester.",2020-11-07T12:34:14Z,0,38,37,43,-2.27825343856989,53.4438719984499,-2.27728350649639,53.4426521556298
N22161B,"Barlow Moor Rd southbound approach at junction of Wilbraham Rd/Barlow Moor Rd, Manchester.",2020-11-07T12:35:17Z,0,38,37,43,-2.27825343856989,53.4438719984499,-2.27728350649639,53.4426521556298
N22161B,"Barlow Moor Rd southbound approach at junction of Wilbraham Rd/Barlow Moor Rd, Manchester.",2020-11-07T12:36:16Z,0,27,35,44,-2.27825343856989,53.4438719984499,-2.27728350649639,53.4426521556298
N22161B,"Barlow Moor Rd southbound approach at junction of Wilbraham Rd/Barlow Moor Rd, Manchester.",2020-11-07T12:37:16Z,0,27,35,44,-2.27825343856989,53.4438719984499,-2.27728350649639,53.4426521556298
N22161B,"Barlow Moor Rd southbound approach at junction of Wilbraham Rd/Barlow Moor Rd, Manchester.",2020-11-07T12:38:16Z,0,27,35,44,-2.27825343856989,53.4438719984499,-2.27728350649639,53.4426521556298
N22161B,"Barlow Moor Rd southbound approach at junction of Wilbraham Rd/Barlow Moor Rd, Manchester.",2020-11-07T12:39:18Z,0,27,35,44,-2.27825343856989,53.4438719984499,-2.27728350649639,53.4426521556298
N22161B,"Barlow Moor Rd southbound approach at junction of Wilbraham Rd/Barlow Moor Rd, Manchester.",2020-11-07T12:40:14Z,0,27,35,44,-2.27825343856989,53.4438719984499,-2.27728350649639,53.4426521556298
N22161B,"Barlow Moor Rd southbound approach at junction of Wilbraham Rd/Barlow Moor Rd, Manchester.",2020-11-07T12:41:15Z,0,27,35,44,-2.27825343856989,53.4438719984499,-2.27728350649639,53.4426521556298
N22161B,"Barlow Moor Rd southbound approach at junction of Wilbraham Rd/Barlow Moor Rd, Manchester.",2020-11-07T12:42:19Z,0,27,35,44,-2.27825343856989,53.4438719984499,-2.27728350649639,53.4426521556298
N22161B,"Barlow Moor Rd southbound approach at junction of Wilbraham Rd/Barlow Moor Rd, Manchester.",2020-11-07T12:43:19Z,0,27,35,44,-2.27825343856989,53.4438719984499,-2.27728350649639,53.4426521556298
N22161B,"Barlow Moor Rd southbound approach at junction of Wilbraham Rd/Barlow Moor Rd, Manchester.",2020-11-07T12:44:14Z,0,27,35,44,-2.27825343856989,53.4438719984499,-2.27728350649639,53.4426521556298
N22161B,"Barlow Moor Rd southbound approach at junction of Wilbraham Rd/Barlow Moor Rd, Manchester.",2020-11-07T12:45:15Z,0,27,35,44,-2.27825343856989,53.4438719984499,-2.27728350649639,53.4426521556298
N22161B,"Barlow Moor Rd southbound approach at junction of Wilbraham Rd/Barlow Moor Rd, Manchester.",2020-11-07T12:46:18Z,0,27,35,44,-2.27825343856989,53.4438719984499,-2.27728350649639,53.4426521556298
N22161B,"Barlow Moor Rd southbound approach at junction of Wilbraham Rd/Barlow Moor Rd, Manchester.",2020-11-07T12:47:32Z,0,27,35,44,-2.27825343856989,53.4438719984499,-2.27728350649639,53.4426521556298
N22161B,"Barlow Moor Rd southbound approach at junction of Wilbraham Rd/Barlow Moor Rd, Manchester.",2020-11-07T12:48:16Z,0,27,35,44,-2.27825343856989,53.4438719984499,-2.27728350649639,53.4426521556298
N22161B,"Barlow Moor Rd southbound approach at junction of Wilbraham Rd/Barlow Moor Rd, Manchester.",2020-11-07T12:49:15Z,0,27,35,44,-2.27825343856989,53.4438719984499,-2.27728350649639,53.4426521556298
N22161B,"Barlow Moor Rd southbound approach at junction of Wilbraham Rd/Barlow Moor Rd, Manchester.",2020-11-07T12:50:14Z,0,42,45,39,-2.27825343856989,53.4438719984499,-2.27728350649639,53.4426521556298
N22161B,"Barlow Moor Rd southbound approach at junction of Wilbraham Rd/Barlow Moor Rd, Manchester.",2020-11-07T12:51:14Z,0,42,45,39,-2.27825343856989,53.4438719984499,-2.27728350649639,53.4426521556298
N22161B,"Barlow Moor Rd southbound approach at junction of Wilbraham Rd/Barlow Moor Rd, Manchester.",2020-11-07T12:52:17Z,0,42,45,39,-2.27825343856989,53.4438719984499,-2.27728350649639,53.4426521556298
N22161B,"Barlow Moor Rd southbound approach at junction of Wilbraham Rd/Barlow Moor Rd, Manchester.",2020-11-07T12:53:15Z,0,42,45,39,-2.27825343856989,53.4438719984499,-2.27728350649639,53.4426521556298
N22161B,"Barlow Moor Rd southbound approach at junction of Wilbraham Rd/Barlow Moor Rd, Manchester.",2020-11-07T12:54:15Z,0,42,45,39,-2.27825343856989,53.4438719984499,-2.27728350649639,53.4426521556298
N22161B,"Barlow Moor Rd southbound approach at junction of Wilbraham Rd/Barlow Moor Rd, Manchester.",2020-11-07T12:55:16Z,0,42,45,39,-2.27825343856989,53.4438719984499,-2.27728350649639,53.4426521556298
N22161B,"Barlow Moor Rd southbound approach at junction of Wilbraham Rd/Barlow Moor Rd, Manchester.",2020-11-07T12:56:15Z,0,42,45,39,-2.27825343856989,53.4438719984499,-2.27728350649639,53.4426521556298
N22161B,"Barlow Moor Rd southbound approach at junction of Wilbraham Rd/Barlow Moor Rd, Manchester.",2020-11-07T12:57:15Z,0,42,45,39,-2.27825343856989,53.4438719984499,-2.27728350649639,53.4426521556298
N22161B,"Barlow Moor Rd southbound approach at junction of Wilbraham Rd/Barlow Moor Rd, Manchester.",2020-11-07T12:58:15Z,0,42,45,39,-2.27825343856989,53.4438719984499,-2.27728350649639,53.4426521556298
N22161B,"Barlow Moor Rd southbound approach at junction of Wilbraham Rd/Barlow Moor Rd, Manchester.",2020-11-07T12:59:14Z,0,42,45,39,-2.27825343856989,53.4438719984499,-2.27728350649639,53.4426521556298
N22161B,"Barlow Moor Rd southbound approach at junction of Wilbraham Rd/Barlow Moor Rd, Manchester.",2020-11-07T13:00:14Z,0,42,45,39,-2.27825343856989,53.4438719984499,-2.27728350649639,53.4426521556298
N22161B,"Barlow Moor Rd southbound approach at junction of Wilbraham Rd/Barlow Moor Rd, Manchester.",2020-11-07T13:01:15Z,0,42,45,39,-2.27825343856989,53.4438719984499,-2.27728350649639,53.4426521556298
N22161B,"Barlow Moor Rd southbound approach at junction of Wilbraham Rd/Barlow Moor Rd, Manchester.",2020-11-07T13:02:17Z,0,42,45,39,-2.27825343856989,53.4438719984499,-2.27728350649639,53.4426521556298
N22161B,"Barlow Moor Rd southbound approach at junction of Wilbraham Rd/Barlow Moor Rd, Manchester.",2020-11-07T13:03:18Z,0,42,45,39,-2.27825343856989,53.4438719984499,-2.27728350649639,53.4426521556298
N22161B,"Barlow Moor Rd southbound approach at junction of Wilbraham Rd/Barlow Moor Rd, Manchester.",2020-11-07T13:04:20Z,0,42,45,39,-2.27825343856989,53.4438719984499,-2.27728350649639,53.4426521556298
N22161B,"Barlow Moor Rd southbound approach at junction of Wilbraham Rd/Barlow Moor Rd, Manchester.",2020-11-07T13:05:15Z,0,42,45,39,-2.27825343856989,53.4438719984499,-2.27728350649639,53.4426521556298
N22161B,"Barlow Moor Rd southbound approach at junction of Wilbraham Rd/Barlow Moor Rd, Manchester.",2020-11-07T13:06:19Z,0,42,45,39,-2.27825343856989,53.4438719984499,-2.27728350649639,53.4426521556298
N22161B,"Barlow Moor Rd southbound approach at junction of Wilbraham Rd/Barlow Moor Rd, Manchester.",2020-11-07T13:07:15Z,0,42,45,39,-2.27825343856989,53.4438719984499,-2.27728350649639,53.4426521556298
N22161B,"Barlow Moor Rd southbound approach at junction of Wilbraham Rd/Barlow Moor Rd, Manchester.",2020-11-07T13:08:20Z,0,42,45,39,-2.27825343856989,53.4438719984499,-2.27728350649639,53.4426521556298
N22161B,"Barlow Moor Rd southbound approach at junction of Wilbraham Rd/Barlow Moor Rd, Manchester.",2020-11-07T13:09:16Z,0,42,45,39,-2.27825343856989,53.4438719984499,-2.27728350649639,53.4426521556298
N22161B,"Barlow Moor Rd southbound approach at junction of Wilbraham Rd/Barlow Moor Rd, Manchester.",2020-11-07T13:10:19Z,0,42,45,39,-2.27825343856989,53.4438719984499,-2.27728350649639,53.4426521556298
N22161B,"Barlow Moor Rd southbound approach at junction of Wilbraham Rd/Barlow Moor Rd, Manchester.",2020-11-07T13:11:17Z,0,42,45,39,-2.27825343856989,53.4438719984499,-2.27728350649639,53.4426521556298
N22161B,"Barlow Moor Rd southbound approach at junction of Wilbraham Rd/Barlow Moor Rd, Manchester.",2020-11-07T13:12:17Z,0,32,32,36,-2.27825343856989,53.4438719984499,-2.27728350649639,53.4426521556298
N22161B,"Barlow Moor Rd southbound approach at junction of Wilbraham Rd/Barlow Moor Rd, Manchester.",2020-11-07T13:13:16Z,0,32,32,36,-2.27825343856989,53.4438719984499,-2.27728350649639,53.4426521556298
N22161B,"Barlow Moor Rd southbound approach at junction of Wilbraham Rd/Barlow Moor Rd, Manchester.",2020-11-07T13:14:16Z,0,32,32,36,-2.27825343856989,53.4438719984499,-2.27728350649639,53.4426521556298
N22161B,"Barlow Moor Rd southbound approach at junction of Wilbraham Rd/Barlow Moor Rd, Manchester.",2020-11-07T13:15:14Z,0,32,32,36,-2.27825343856989,53.4438719984499,-2.27728350649639,53.4426521556298
N22161B,"Barlow Moor Rd southbound approach at junction of Wilbraham Rd/Barlow Moor Rd, Manchester.",2020-11-07T13:16:15Z,0,32,32,36,-2.27825343856989,53.4438719984499,-2.27728350649639,53.4426521556298
N22161B,"Barlow Moor Rd southbound approach at junction of Wilbraham Rd/Barlow Moor Rd, Manchester.",2020-11-07T13:17:14Z,0,32,32,36,-2.27825343856989,53.4438719984499,-2.27728350649639,53.4426521556298
N22161B,"Barlow Moor Rd southbound approach at junction of Wilbraham Rd/Barlow Moor Rd, Manchester.",2020-11-07T13:18:17Z,0,32,32,36,-2.27825343856989,53.4438719984499,-2.27728350649639,53.4426521556298
N22161B,"Barlow Moor Rd southbound approach at junction of Wilbraham Rd/Barlow Moor Rd, Manchester.",2020-11-07T13:19:16Z,0,51,30,58,-2.27825343856989,53.4438719984499,-2.27728350649639,53.4426521556298
N22161B,"Barlow Moor Rd southbound approach at junction of Wilbraham Rd/Barlow Moor Rd, Manchester.",2020-11-07T13:20:14Z,0,51,30,58,-2.27825343856989,53.4438719984499,-2.27728350649639,53.4426521556298
N22161B,"Barlow Moor Rd southbound approach at junction of Wilbraham Rd/Barlow Moor Rd, Manchester.",2020-11-07T13:21:14Z,0,51,30,58,-2.27825343856989,53.4438719984499,-2.27728350649639,53.4426521556298
N22161B,"Barlow Moor Rd southbound approach at junction of Wilbraham Rd/Barlow Moor Rd, Manchester.",2020-11-07T13:22:16Z,0,51,30,58,-2.27825343856989,53.4438719984499,-2.27728350649639,53.4426521556298
N22161B,"Barlow Moor Rd southbound approach at junction of Wilbraham Rd/Barlow Moor Rd, Manchester.",2020-11-07T13:23:15Z,0,51,30,58,-2.27825343856989,53.4438719984499,-2.27728350649639,53.4426521556298
N22161B,"Barlow Moor Rd southbound approach at junction of Wilbraham Rd/Barlow Moor Rd, Manchester.",2020-11-07T13:24:16Z,0,51,30,58,-2.27825343856989,53.4438719984499,-2.27728350649639,53.4426521556298
N22161B,"Barlow Moor Rd southbound approach at junction of Wilbraham Rd/Barlow Moor Rd, Manchester.",2020-11-07T13:25:15Z,0,51,30,58,-2.27825343856989,53.4438719984499,-2.27728350649639,53.4426521556298
N22161B,"Barlow Moor Rd southbound approach at junction of Wilbraham Rd/Barlow Moor Rd, Manchester.",2020-11-07T13:26:15Z,0,51,30,58,-2.27825343856989,53.4438719984499,-2.27728350649639,53.4426521556298
N22161B,"Barlow Moor Rd southbound approach at junction of Wilbraham Rd/Barlow Moor Rd, Manchester.",2020-11-07T13:27:15Z,0,51,30,58,-2.27825343856989,53.4438719984499,-2.27728350649639,53.4426521556298
N22161B,"Barlow Moor Rd southbound approach at junction of Wilbraham Rd/Barlow Moor Rd, Manchester.",2020-11-07T13:28:20Z,0,40,37,50,-2.27825343856989,53.4438719984499,-2.27728350649639,53.4426521556298
N22161B,"Barlow Moor Rd southbound approach at junction of Wilbraham Rd/Barlow Moor Rd, Manchester.",2020-11-07T13:29:14Z,0,40,37,50,-2.27825343856989,53.4438719984499,-2.27728350649639,53.4426521556298
N22161B,"Barlow Moor Rd southbound approach at junction of Wilbraham Rd/Barlow Moor Rd, Manchester.",2020-11-07T13:30:15Z,0,40,37,50,-2.27825343856989,53.4438719984499,-2.27728350649639,53.4426521556298
N22161B,"Barlow Moor Rd southbound approach at junction of Wilbraham Rd/Barlow Moor Rd, Manchester.",2020-11-07T13:31:14Z,0,40,37,50,-2.27825343856989,53.4438719984499,-2.27728350649639,53.4426521556298
N22161B,"Barlow Moor Rd southbound approach at junction of Wilbraham Rd/Barlow Moor Rd, Manchester.",2020-11-07T13:32:14Z,0,40,37,50,-2.27825343856989,53.4438719984499,-2.27728350649639,53.4426521556298
N22161B,"Barlow Moor Rd southbound approach at junction of Wilbraham Rd/Barlow Moor Rd, Manchester.",2020-11-07T13:33:17Z,0,40,37,50,-2.27825343856989,53.4438719984499,-2.27728350649639,53.4426521556298
N22161B,"Barlow Moor Rd southbound approach at junction of Wilbraham Rd/Barlow Moor Rd, Manchester.",2020-11-07T13:34:21Z,0,40,37,50,-2.27825343856989,53.4438719984499,-2.27728350649639,53.4426521556298
N22161B,"Barlow Moor Rd southbound approach at junction of Wilbraham Rd/Barlow Moor Rd, Manchester.",2020-11-07T13:35:19Z,0,45,33,38,-2.27825343856989,53.4438719984499,-2.27728350649639,53.4426521556298
N22161B,"Barlow Moor Rd southbound approach at junction of Wilbraham Rd/Barlow Moor Rd, Manchester.",2020-11-07T13:36:16Z,0,45,33,38,-2.27825343856989,53.4438719984499,-2.27728350649639,53.4426521556298
N22161B,"Barlow Moor Rd southbound approach at junction of Wilbraham Rd/Barlow Moor Rd, Manchester.",2020-11-07T13:37:17Z,0,45,33,38,-2.27825343856989,53.4438719984499,-2.27728350649639,53.4426521556298
N22161B,"Barlow Moor Rd southbound approach at junction of Wilbraham Rd/Barlow Moor Rd, Manchester.",2020-11-07T13:38:22Z,0,45,33,38,-2.27825343856989,53.4438719984499,-2.27728350649639,53.4426521556298
N22161B,"Barlow Moor Rd southbound approach at junction of Wilbraham Rd/Barlow Moor Rd, Manchester.",2020-11-07T13:39:19Z,0,45,33,38,-2.27825343856989,53.4438719984499,-2.27728350649639,53.4426521556298
N22161B,"Barlow Moor Rd southbound approach at junction of Wilbraham Rd/Barlow Moor Rd, Manchester.",2020-11-07T13:40:17Z,0,33,33,40,-2.27825343856989,53.4438719984499,-2.27728350649639,53.4426521556298
N22161B,"Barlow Moor Rd southbound approach at junction of Wilbraham Rd/Barlow Moor Rd, Manchester.",2020-11-07T13:41:19Z,0,33,33,40,-2.27825343856989,53.4438719984499,-2.27728350649639,53.4426521556298
N22161B,"Barlow Moor Rd southbound approach at junction of Wilbraham Rd/Barlow Moor Rd, Manchester.",2020-11-07T13:42:18Z,0,33,33,40,-2.27825343856989,53.4438719984499,-2.27728350649639,53.4426521556298
N22161B,"Barlow Moor Rd southbound approach at junction of Wilbraham Rd/Barlow Moor Rd, Manchester.",2020-11-07T13:43:14Z,0,33,33,40,-2.27825343856989,53.4438719984499,-2.27728350649639,53.4426521556298
N22161B,"Barlow Moor Rd southbound approach at junction of Wilbraham Rd/Barlow Moor Rd, Manchester.",2020-11-07T13:44:15Z,0,39,33,49,-2.27825343856989,53.4438719984499,-2.27728350649639,53.4426521556298
N22161B,"Barlow Moor Rd southbound approach at junction of Wilbraham Rd/Barlow Moor Rd, Manchester.",2020-11-07T13:45:14Z,0,39,33,49,-2.27825343856989,53.4438719984499,-2.27728350649639,53.4426521556298
N22161B,"Barlow Moor Rd southbound approach at junction of Wilbraham Rd/Barlow Moor Rd, Manchester.",2020-11-07T13:46:15Z,0,39,33,49,-2.27825343856989,53.4438719984499,-2.27728350649639,53.4426521556298
N22161B,"Barlow Moor Rd southbound approach at junction of Wilbraham Rd/Barlow Moor Rd, Manchester.",2020-11-07T13:47:24Z,0,39,33,49,-2.27825343856989,53.4438719984499,-2.27728350649639,53.4426521556298
N22161B,"Barlow Moor Rd southbound approach at junction of Wilbraham Rd/Barlow Moor Rd, Manchester.",2020-11-07T13:48:16Z,0,39,33,49,-2.27825343856989,53.4438719984499,-2.27728350649639,53.4426521556298
N22161B,"Barlow Moor Rd southbound approach at junction of Wilbraham Rd/Barlow Moor Rd, Manchester.",2020-11-07T13:49:14Z,0,39,33,49,-2.27825343856989,53.4438719984499,-2.27728350649639,53.4426521556298
N22161B,"Barlow Moor Rd southbound approach at junction of Wilbraham Rd/Barlow Moor Rd, Manchester.",2020-11-07T13:50:15Z,0,39,33,49,-2.27825343856989,53.4438719984499,-2.27728350649639,53.4426521556298
N22161B,"Barlow Moor Rd southbound approach at junction of Wilbraham Rd/Barlow Moor Rd, Manchester.",2020-11-07T13:51:14Z,0,39,33,49,-2.27825343856989,53.4438719984499,-2.27728350649639,53.4426521556298
N22161B,"Barlow Moor Rd southbound approach at junction of Wilbraham Rd/Barlow Moor Rd, Manchester.",2020-11-07T13:52:15Z,0,39,33,49,-2.27825343856989,53.4438719984499,-2.27728350649639,53.4426521556298
N22161B,"Barlow Moor Rd southbound approach at junction of Wilbraham Rd/Barlow Moor Rd, Manchester.",2020-11-07T13:53:14Z,0,39,33,49,-2.27825343856989,53.4438719984499,-2.27728350649639,53.4426521556298
N22161B,"Barlow Moor Rd southbound approach at junction of Wilbraham Rd/Barlow Moor Rd, Manchester.",2020-11-07T13:54:17Z,0,39,33,49,-2.27825343856989,53.4438719984499,-2.27728350649639,53.4426521556298
N22161B,"Barlow Moor Rd southbound approach at junction of Wilbraham Rd/Barlow Moor Rd, Manchester.",2020-11-07T13:55:17Z,0,39,33,49,-2.27825343856989,53.4438719984499,-2.27728350649639,53.4426521556298
N22161B,"Barlow Moor Rd southbound approach at junction of Wilbraham Rd/Barlow Moor Rd, Manchester.",2020-11-07T13:56:14Z,0,39,33,49,-2.27825343856989,53.4438719984499,-2.27728350649639,53.4426521556298
N22161B,"Barlow Moor Rd southbound approach at junction of Wilbraham Rd/Barlow Moor Rd, Manchester.",2020-11-07T13:57:17Z,0,50,35,56,-2.27825343856989,53.4438719984499,-2.27728350649639,53.4426521556298
N22161B,"Barlow Moor Rd southbound approach at junction of Wilbraham Rd/Barlow Moor Rd, Manchester.",2020-11-07T13:58:18Z,0,50,35,56,-2.27825343856989,53.4438719984499,-2.27728350649639,53.4426521556298
N22161B,"Barlow Moor Rd southbound approach at junction of Wilbraham Rd/Barlow Moor Rd, Manchester.",2020-11-07T13:59:16Z,0,50,35,56,-2.27825343856989,53.4438719984499,-2.27728350649639,53.4426521556298
N22161B,"Barlow Moor Rd southbound approach at junction of Wilbraham Rd/Barlow Moor Rd, Manchester.",2020-11-07T14:00:17Z,0,50,35,56,-2.27825343856989,53.4438719984499,-2.27728350649639,53.4426521556298
N22161B,"Barlow Moor Rd southbound approach at junction of Wilbraham Rd/Barlow Moor Rd, Manchester.",2020-11-07T14:01:18Z,0,50,35,56,-2.27825343856989,53.4438719984499,-2.27728350649639,53.4426521556298
N22161B,"Barlow Moor Rd southbound approach at junction of Wilbraham Rd/Barlow Moor Rd, Manchester.",2020-11-07T14:02:21Z,0,50,35,56,-2.27825343856989,53.4438719984499,-2.27728350649639,53.4426521556298
N22161B,"Barlow Moor Rd southbound approach at junction of Wilbraham Rd/Barlow Moor Rd, Manchester.",2020-11-07T14:03:17Z,0,50,35,56,-2.27825343856989,53.4438719984499,-2.27728350649639,53.4426521556298
N22161B,"Barlow Moor Rd southbound approach at junction of Wilbraham Rd/Barlow Moor Rd, Manchester.",2020-11-07T14:04:19Z,0,36,38,57,-2.27825343856989,53.4438719984499,-2.27728350649639,53.4426521556298
N22161B,"Barlow Moor Rd southbound approach at junction of Wilbraham Rd/Barlow Moor Rd, Manchester.",2020-11-07T14:05:17Z,0,36,38,57,-2.27825343856989,53.4438719984499,-2.27728350649639,53.4426521556298
N22161B,"Barlow Moor Rd southbound approach at junction of Wilbraham Rd/Barlow Moor Rd, Manchester.",2020-11-07T14:06:19Z,0,36,38,57,-2.27825343856989,53.4438719984499,-2.27728350649639,53.4426521556298
N22161B,"Barlow Moor Rd southbound approach at junction of Wilbraham Rd/Barlow Moor Rd, Manchester.",2020-11-07T14:07:16Z,0,36,38,57,-2.27825343856989,53.4438719984499,-2.27728350649639,53.4426521556298
N22161B,"Barlow Moor Rd southbound approach at junction of Wilbraham Rd/Barlow Moor Rd, Manchester.",2020-11-07T14:08:16Z,0,36,38,57,-2.27825343856989,53.4438719984499,-2.27728350649639,53.4426521556298
N22161B,"Barlow Moor Rd southbound approach at junction of Wilbraham Rd/Barlow Moor Rd, Manchester.",2020-11-07T14:09:18Z,0,30,37,45,-2.27825343856989,53.4438719984499,-2.27728350649639,53.4426521556298
N22161B,"Barlow Moor Rd southbound approach at junction of Wilbraham Rd/Barlow Moor Rd, Manchester.",2020-11-07T14:10:16Z,0,30,37,45,-2.27825343856989,53.4438719984499,-2.27728350649639,53.4426521556298
N22161B,"Barlow Moor Rd southbound approach at junction of Wilbraham Rd/Barlow Moor Rd, Manchester.",2020-11-07T14:11:15Z,0,30,37,45,-2.27825343856989,53.4438719984499,-2.27728350649639,53.4426521556298
N22161B,"Barlow Moor Rd southbound approach at junction of Wilbraham Rd/Barlow Moor Rd, Manchester.",2020-11-07T14:12:14Z,0,30,37,45,-2.27825343856989,53.4438719984499,-2.27728350649639,53.4426521556298
N22161B,"Barlow Moor Rd southbound approach at junction of Wilbraham Rd/Barlow Moor Rd, Manchester.",2020-11-07T14:13:14Z,0,30,37,45,-2.27825343856989,53.4438719984499,-2.27728350649639,53.4426521556298
N22161B,"Barlow Moor Rd southbound approach at junction of Wilbraham Rd/Barlow Moor Rd, Manchester.",2020-11-07T14:14:20Z,0,30,37,45,-2.27825343856989,53.4438719984499,-2.27728350649639,53.4426521556298
N22161B,"Barlow Moor Rd southbound approach at junction of Wilbraham Rd/Barlow Moor Rd, Manchester.",2020-11-07T14:16:14Z,0,30,37,45,-2.27825343856989,53.4438719984499,-2.27728350649639,53.4426521556298
N22161B,"Barlow Moor Rd southbound approach at junction of Wilbraham Rd/Barlow Moor Rd, Manchester.",2020-11-07T14:17:15Z,0,30,37,45,-2.27825343856989,53.4438719984499,-2.27728350649639,53.4426521556298
N22161B,"Barlow Moor Rd southbound approach at junction of Wilbraham Rd/Barlow Moor Rd, Manchester.",2020-11-07T14:18:16Z,0,30,37,45,-2.27825343856989,53.4438719984499,-2.27728350649639,53.4426521556298
N22161B,"Barlow Moor Rd southbound approach at junction of Wilbraham Rd/Barlow Moor Rd, Manchester.",2020-11-07T14:19:15Z,0,30,37,45,-2.27825343856989,53.4438719984499,-2.27728350649639,53.4426521556298
N22161B,"Barlow Moor Rd southbound approach at junction of Wilbraham Rd/Barlow Moor Rd, Manchester.",2020-11-07T14:20:15Z,0,30,37,45,-2.27825343856989,53.4438719984499,-2.27728350649639,53.4426521556298
N22161G,"Wilbraham Rd westbound approach at junction of Wilbraham Rd/Barlow Moor Rd, Manchester.",2020-11-07T12:20:15Z,0,50,22,31,-2.27492378120811,53.4424322149984,-2.27701353136077,53.4424621817972
N22161G,"Wilbraham Rd westbound approach at junction of Wilbraham Rd/Barlow Moor Rd, Manchester.",2020-11-07T12:21:18Z,0,50,22,31,-2.27492378120811,53.4424322149984,-2.27701353136077,53.4424621817972
N22161G,"Wilbraham Rd westbound approach at junction of Wilbraham Rd/Barlow Moor Rd, Manchester.",2020-11-07T12:22:14Z,0,50,22,31,-2.27492378120811,53.4424322149984,-2.27701353136077,53.4424621817972
N22161G,"Wilbraham Rd westbound approach at junction of Wilbraham Rd/Barlow Moor Rd, Manchester.",2020-11-07T12:23:16Z,0,50,22,31,-2.27492378120811,53.4424322149984,-2.27701353136077,53.4424621817972
N22161G,"Wilbraham Rd westbound approach at junction of Wilbraham Rd/Barlow Moor Rd, Manchester.",2020-11-07T12:24:18Z,0,50,22,31,-2.27492378120811,53.4424322149984,-2.27701353136077,53.4424621817972
N22161G,"Wilbraham Rd westbound approach at junction of Wilbraham Rd/Barlow Moor Rd, Manchester.",2020-11-07T12:25:19Z,0,50,22,31,-2.27492378120811,53.4424322149984,-2.27701353136077,53.4424621817972
N22161G,"Wilbraham Rd westbound approach at junction of Wilbraham Rd/Barlow Moor Rd, Manchester.",2020-11-07T12:26:15Z,0,50,22,31,-2.27492378120811,53.4424322149984,-2.27701353136077,53.4424621817972
N22161G,"Wilbraham Rd westbound approach at junction of Wilbraham Rd/Barlow Moor Rd, Manchester.",2020-11-07T12:27:16Z,0,50,22,31,-2.27492378120811,53.4424322149984,-2.27701353136077,53.4424621817972
N22161G,"Wilbraham Rd westbound approach at junction of Wilbraham Rd/Barlow Moor Rd, Manchester.",2020-11-07T12:28:14Z,0,50,22,31,-2.27492378120811,53.4424322149984,-2.27701353136077,53.4424621817972
N22161G,"Wilbraham Rd westbound approach at junction of Wilbraham Rd/Barlow Moor Rd, Manchester.",2020-11-07T12:29:16Z,0,50,22,31,-2.27492378120811,53.4424322149984,-2.27701353136077,53.4424621817972
N22161G,"Wilbraham Rd westbound approach at junction of Wilbraham Rd/Barlow Moor Rd, Manchester.",2020-11-07T12:30:15Z,0,50,22,31,-2.27492378120811,53.4424322149984,-2.27701353136077,53.4424621817972
N22161G,"Wilbraham Rd westbound approach at junction of Wilbraham Rd/Barlow Moor Rd, Manchester.",2020-11-07T12:31:16Z,0,50,22,31,-2.27492378120811,53.4424322149984,-2.27701353136077,53.4424621817972
N22161G,"Wilbraham Rd westbound approach at junction of Wilbraham Rd/Barlow Moor Rd, Manchester.",2020-11-07T12:32:14Z,0,50,22,31,-2.27492378120811,53.4424322149984,-2.27701353136077,53.4424621817972
N22161G,"Wilbraham Rd westbound approach at junction of Wilbraham Rd/Barlow Moor Rd, Manchester.",2020-11-07T12:33:14Z,0,50,22,31,-2.27492378120811,53.4424322149984,-2.27701353136077,53.4424621817972
N22161G,"Wilbraham Rd westbound approach at junction of Wilbraham Rd/Barlow Moor Rd, Manchester.",2020-11-07T12:34:14Z,0,50,22,31,-2.27492378120811,53.4424322149984,-2.27701353136077,53.4424621817972
N22161G,"Wilbraham Rd westbound approach at junction of Wilbraham Rd/Barlow Moor Rd, Manchester.",2020-11-07T12:35:17Z,0,50,22,31,-2.27492378120811,53.4424322149984,-2.27701353136077,53.4424621817972
N22161G,"Wilbraham Rd westbound approach at junction of Wilbraham Rd/Barlow Moor Rd, Manchester.",2020-11-07T12:36:16Z,0,57,27,28,-2.27492378120811,53.4424322149984,-2.27701353136077,53.4424621817972
N22161G,"Wilbraham Rd westbound approach at junction of Wilbraham Rd/Barlow Moor Rd, Manchester.",2020-11-07T12:37:16Z,0,57,27,28,-2.27492378120811,53.4424322149984,-2.27701353136077,53.4424621817972
N22161G,"Wilbraham Rd westbound approach at junction of Wilbraham Rd/Barlow Moor Rd, Manchester.",2020-11-07T12:38:16Z,0,57,27,28,-2.27492378120811,53.4424322149984,-2.27701353136077,53.4424621817972
N22161G,"Wilbraham Rd westbound approach at junction of Wilbraham Rd/Barlow Moor Rd, Manchester.",2020-11-07T12:39:18Z,0,57,27,28,-2.27492378120811,53.4424322149984,-2.27701353136077,53.4424621817972
N22161G,"Wilbraham Rd westbound approach at junction of Wilbraham Rd/Barlow Moor Rd, Manchester.",2020-11-07T12:40:14Z,0,57,27,28,-2.27492378120811,53.4424322149984,-2.27701353136077,53.4424621817972
N22161G,"Wilbraham Rd westbound approach at junction of Wilbraham Rd/Barlow Moor Rd, Manchester.",2020-11-07T12:41:15Z,0,57,27,28,-2.27492378120811,53.4424322149984,-2.27701353136077,53.4424621817972
N22161G,"Wilbraham Rd westbound approach at junction of Wilbraham Rd/Barlow Moor Rd, Manchester.",2020-11-07T12:42:19Z,0,57,27,28,-2.27492378120811,53.4424322149984,-2.27701353136077,53.4424621817972
N22161G,"Wilbraham Rd westbound approach at junction of Wilbraham Rd/Barlow Moor Rd, Manchester.",2020-11-07T12:43:19Z,0,57,27,28,-2.27492378120811,53.4424322149984,-2.27701353136077,53.4424621817972
N22161G,"Wilbraham Rd westbound approach at junction of Wilbraham Rd/Barlow Moor Rd, Manchester.",2020-11-07T12:44:14Z,0,57,27,28,-2.27492378120811,53.4424322149984,-2.27701353136077,53.4424621817972
N22161G,"Wilbraham Rd westbound approach at junction of Wilbraham Rd/Barlow Moor Rd, Manchester.",2020-11-07T12:45:15Z,0,57,27,28,-2.27492378120811,53.4424322149984,-2.27701353136077,53.4424621817972
N22161G,"Wilbraham Rd westbound approach at junction of Wilbraham Rd/Barlow Moor Rd, Manchester.",2020-11-07T12:46:18Z,0,57,27,28,-2.27492378120811,53.4424322149984,-2.27701353136077,53.4424621817972
N22161G,"Wilbraham Rd westbound approach at junction of Wilbraham Rd/Barlow Moor Rd, Manchester.",2020-11-07T12:47:32Z,0,57,27,28,-2.27492378120811,53.4424322149984,-2.27701353136077,53.4424621817972
N22161G,"Wilbraham Rd westbound approach at junction of Wilbraham Rd/Barlow Moor Rd, Manchester.",2020-11-07T12:48:16Z,0,57,27,28,-2.27492378120811,53.4424322149984,-2.27701353136077,53.4424621817972
N22161G,"Wilbraham Rd westbound approach at junction of Wilbraham Rd/Barlow Moor Rd, Manchester.",2020-11-07T12:49:15Z,0,57,27,28,-2.27492378120811,53.4424322149984,-2.27701353136077,53.4424621817972
N22161G,"Wilbraham Rd westbound approach at junction of Wilbraham Rd/Barlow Moor Rd, Manchester.",2020-11-07T12:50:14Z,0,55,24,42,-2.27492378120811,53.4424322149984,-2.27701353136077,53.4424621817972
N22161G,"Wilbraham Rd westbound approach at junction of Wilbraham Rd/Barlow Moor Rd, Manchester.",2020-11-07T12:51:14Z,0,55,24,42,-2.27492378120811,53.4424322149984,-2.27701353136077,53.4424621817972
N22161G,"Wilbraham Rd westbound approach at junction of Wilbraham Rd/Barlow Moor Rd, Manchester.",2020-11-07T12:52:17Z,0,55,24,42,-2.27492378120811,53.4424322149984,-2.27701353136077,53.4424621817972
N22161G,"Wilbraham Rd westbound approach at junction of Wilbraham Rd/Barlow Moor Rd, Manchester.",2020-11-07T12:53:15Z,0,55,24,42,-2.27492378120811,53.4424322149984,-2.27701353136077,53.4424621817972
N22161G,"Wilbraham Rd westbound approach at junction of Wilbraham Rd/Barlow Moor Rd, Manchester.",2020-11-07T12:54:15Z,0,55,24,42,-2.27492378120811,53.4424322149984,-2.27701353136077,53.4424621817972
N22161G,"Wilbraham Rd westbound approach at junction of Wilbraham Rd/Barlow Moor Rd, Manchester.",2020-11-07T12:55:16Z,0,55,24,42,-2.27492378120811,53.4424322149984,-2.27701353136077,53.4424621817972
N22161G,"Wilbraham Rd westbound approach at junction of Wilbraham Rd/Barlow Moor Rd, Manchester.",2020-11-07T12:56:15Z,0,55,24,42,-2.27492378120811,53.4424322149984,-2.27701353136077,53.4424621817972
N22161G,"Wilbraham Rd westbound approach at junction of Wilbraham Rd/Barlow Moor Rd, Manchester.",2020-11-07T12:57:15Z,0,55,24,42,-2.27492378120811,53.4424322149984,-2.27701353136077,53.4424621817972
N22161G,"Wilbraham Rd westbound approach at junction of Wilbraham Rd/Barlow Moor Rd, Manchester.",2020-11-07T12:58:15Z,0,55,24,42,-2.27492378120811,53.4424322149984,-2.27701353136077,53.4424621817972
N22161G,"Wilbraham Rd westbound approach at junction of Wilbraham Rd/Barlow Moor Rd, Manchester.",2020-11-07T12:59:14Z,0,55,24,42,-2.27492378120811,53.4424322149984,-2.27701353136077,53.4424621817972
N22161G,"Wilbraham Rd westbound approach at junction of Wilbraham Rd/Barlow Moor Rd, Manchester.",2020-11-07T13:00:14Z,0,55,24,42,-2.27492378120811,53.4424322149984,-2.27701353136077,53.4424621817972
N22161G,"Wilbraham Rd westbound approach at junction of Wilbraham Rd/Barlow Moor Rd, Manchester.",2020-11-07T13:01:15Z,0,55,24,42,-2.27492378120811,53.4424322149984,-2.27701353136077,53.4424621817972
N22161G,"Wilbraham Rd westbound approach at junction of Wilbraham Rd/Barlow Moor Rd, Manchester.",2020-11-07T13:02:17Z,0,55,24,42,-2.27492378120811,53.4424322149984,-2.27701353136077,53.4424621817972
N22161G,"Wilbraham Rd westbound approach at junction of Wilbraham Rd/Barlow Moor Rd, Manchester.",2020-11-07T13:03:18Z,0,55,24,42,-2.27492378120811,53.4424322149984,-2.27701353136077,53.4424621817972
N22161G,"Wilbraham Rd westbound approach at junction of Wilbraham Rd/Barlow Moor Rd, Manchester.",2020-11-07T13:04:20Z,0,55,24,42,-2.27492378120811,53.4424322149984,-2.27701353136077,53.4424621817972
N22161G,"Wilbraham Rd westbound approach at junction of Wilbraham Rd/Barlow Moor Rd, Manchester.",2020-11-07T13:05:15Z,0,55,24,42,-2.27492378120811,53.4424322149984,-2.27701353136077,53.4424621817972
N22161G,"Wilbraham Rd westbound approach at junction of Wilbraham Rd/Barlow Moor Rd, Manchester.",2020-11-07T13:06:19Z,0,55,24,42,-2.27492378120811,53.4424322149984,-2.27701353136077,53.4424621817972
N22161G,"Wilbraham Rd westbound approach at junction of Wilbraham Rd/Barlow Moor Rd, Manchester.",2020-11-07T13:07:15Z,0,55,24,42,-2.27492378120811,53.4424322149984,-2.27701353136077,53.4424621817972
N22161G,"Wilbraham Rd westbound approach at junction of Wilbraham Rd/Barlow Moor Rd, Manchester.",2020-11-07T13:08:20Z,0,55,24,42,-2.27492378120811,53.4424322149984,-2.27701353136077,53.4424621817972
N22161G,"Wilbraham Rd westbound approach at junction of Wilbraham Rd/Barlow Moor Rd, Manchester.",2020-11-07T13:09:16Z,0,55,24,42,-2.27492378120811,53.4424322149984,-2.27701353136077,53.4424621817972
N22161G,"Wilbraham Rd westbound approach at junction of Wilbraham Rd/Barlow Moor Rd, Manchester.",2020-11-07T13:10:19Z,0,55,24,42,-2.27492378120811,53.4424322149984,-2.27701353136077,53.4424621817972
N22161G,"Wilbraham Rd westbound approach at junction of Wilbraham Rd/Barlow Moor Rd, Manchester.",2020-11-07T13:11:17Z,0,55,24,42,-2.27492378120811,53.4424322149984,-2.27701353136077,53.4424621817972
N22161G,"Wilbraham Rd westbound approach at junction of Wilbraham Rd/Barlow Moor Rd, Manchester.",2020-11-07T13:12:17Z,5,43,20,38,-2.27492378120811,53.4424322149984,-2.27701353136077,53.4424621817972
N22161G,"Wilbraham Rd westbound approach at junction of Wilbraham Rd/Barlow Moor Rd, Manchester.",2020-11-07T13:13:16Z,5,43,20,38,-2.27492378120811,53.4424322149984,-2.27701353136077,53.4424621817972
N22161G,"Wilbraham Rd westbound approach at junction of Wilbraham Rd/Barlow Moor Rd, Manchester.",2020-11-07T13:14:16Z,5,43,20,38,-2.27492378120811,53.4424322149984,-2.27701353136077,53.4424621817972
N22161G,"Wilbraham Rd westbound approach at junction of Wilbraham Rd/Barlow Moor Rd, Manchester.",2020-11-07T13:15:14Z,5,43,20,38,-2.27492378120811,53.4424322149984,-2.27701353136077,53.4424621817972
N22161G,"Wilbraham Rd westbound approach at junction of Wilbraham Rd/Barlow Moor Rd, Manchester.",2020-11-07T13:16:15Z,5,43,20,38,-2.27492378120811,53.4424322149984,-2.27701353136077,53.4424621817972
N22161G,"Wilbraham Rd westbound approach at junction of Wilbraham Rd/Barlow Moor Rd, Manchester.",2020-11-07T13:17:14Z,5,43,20,38,-2.27492378120811,53.4424322149984,-2.27701353136077,53.4424621817972
N22161G,"Wilbraham Rd westbound approach at junction of Wilbraham Rd/Barlow Moor Rd, Manchester.",2020-11-07T13:18:17Z,5,43,20,38,-2.27492378120811,53.4424322149984,-2.27701353136077,53.4424621817972
N22161G,"Wilbraham Rd westbound approach at junction of Wilbraham Rd/Barlow Moor Rd, Manchester.",2020-11-07T13:19:16Z,6,52,17,48,-2.27492378120811,53.4424322149984,-2.27701353136077,53.4424621817972
N22161G,"Wilbraham Rd westbound approach at junction of Wilbraham Rd/Barlow Moor Rd, Manchester.",2020-11-07T13:20:14Z,6,52,17,48,-2.27492378120811,53.4424322149984,-2.27701353136077,53.4424621817972
N22161G,"Wilbraham Rd westbound approach at junction of Wilbraham Rd/Barlow Moor Rd, Manchester.",2020-11-07T13:21:14Z,6,52,17,48,-2.27492378120811,53.4424322149984,-2.27701353136077,53.4424621817972
N22161G,"Wilbraham Rd westbound approach at junction of Wilbraham Rd/Barlow Moor Rd, Manchester.",2020-11-07T13:22:16Z,6,52,17,48,-2.27492378120811,53.4424322149984,-2.27701353136077,53.4424621817972
N22161G,"Wilbraham Rd westbound approach at junction of Wilbraham Rd/Barlow Moor Rd, Manchester.",2020-11-07T13:23:15Z,6,52,17,48,-2.27492378120811,53.4424322149984,-2.27701353136077,53.4424621817972
N22161G,"Wilbraham Rd westbound approach at junction of Wilbraham Rd/Barlow Moor Rd, Manchester.",2020-11-07T13:24:16Z,6,52,17,48,-2.27492378120811,53.4424322149984,-2.27701353136077,53.4424621817972
N22161G,"Wilbraham Rd westbound approach at junction of Wilbraham Rd/Barlow Moor Rd, Manchester.",2020-11-07T13:25:15Z,6,52,17,48,-2.27492378120811,53.4424322149984,-2.27701353136077,53.4424621817972
N22161G,"Wilbraham Rd westbound approach at junction of Wilbraham Rd/Barlow Moor Rd, Manchester.",2020-11-07T13:26:15Z,6,52,17,48,-2.27492378120811,53.4424322149984,-2.27701353136077,53.4424621817972
N22161G,"Wilbraham Rd westbound approach at junction of Wilbraham Rd/Barlow Moor Rd, Manchester.",2020-11-07T13:27:15Z,6,52,17,48,-2.27492378120811,53.4424322149984,-2.27701353136077,53.4424621817972
N22161G,"Wilbraham Rd westbound approach at junction of Wilbraham Rd/Barlow Moor Rd, Manchester.",2020-11-07T13:28:20Z,4,43,19,47,-2.27492378120811,53.4424322149984,-2.27701353136077,53.4424621817972
N22161G,"Wilbraham Rd westbound approach at junction of Wilbraham Rd/Barlow Moor Rd, Manchester.",2020-11-07T13:29:14Z,4,43,19,47,-2.27492378120811,53.4424322149984,-2.27701353136077,53.4424621817972
N22161G,"Wilbraham Rd westbound approach at junction of Wilbraham Rd/Barlow Moor Rd, Manchester.",2020-11-07T13:30:15Z,4,43,19,47,-2.27492378120811,53.4424322149984,-2.27701353136077,53.4424621817972
N22161G,"Wilbraham Rd westbound approach at junction of Wilbraham Rd/Barlow Moor Rd, Manchester.",2020-11-07T13:31:14Z,4,43,19,47,-2.27492378120811,53.4424322149984,-2.27701353136077,53.4424621817972
N22161G,"Wilbraham Rd westbound approach at junction of Wilbraham Rd/Barlow Moor Rd, Manchester.",2020-11-07T13:32:14Z,4,43,19,47,-2.27492378120811,53.4424322149984,-2.27701353136077,53.4424621817972
N22161G,"Wilbraham Rd westbound approach at junction of Wilbraham Rd/Barlow Moor Rd, Manchester.",2020-11-07T13:33:17Z,4,43,19,47,-2.27492378120811,53.4424322149984,-2.27701353136077,53.4424621817972
N22161G,"Wilbraham Rd westbound approach at junction of Wilbraham Rd/Barlow Moor Rd, Manchester.",2020-11-07T13:34:21Z,4,43,19,47,-2.27492378120811,53.4424322149984,-2.27701353136077,53.4424621817972
N22161G,"Wilbraham Rd westbound approach at junction of Wilbraham Rd/Barlow Moor Rd, Manchester.",2020-11-07T13:35:19Z,0,36,28,23,-2.27492378120811,53.4424322149984,-2.27701353136077,53.4424621817972
N22161G,"Wilbraham Rd westbound approach at junction of Wilbraham Rd/Barlow Moor Rd, Manchester.",2020-11-07T13:36:16Z,0,36,28,23,-2.27492378120811,53.4424322149984,-2.27701353136077,53.4424621817972
N22161G,"Wilbraham Rd westbound approach at junction of Wilbraham Rd/Barlow Moor Rd, Manchester.",2020-11-07T13:37:17Z,0,36,28,23,-2.27492378120811,53.4424322149984,-2.27701353136077,53.4424621817972
N22161G,"Wilbraham Rd westbound approach at junction of Wilbraham Rd/Barlow Moor Rd, Manchester.",2020-11-07T13:38:22Z,0,36,28,23,-2.27492378120811,53.4424322149984,-2.27701353136077,53.4424621817972
N22161G,"Wilbraham Rd westbound approach at junction of Wilbraham Rd/Barlow Moor Rd, Manchester.",2020-11-07T13:39:19Z,0,36,28,23,-2.27492378120811,53.4424322149984,-2.27701353136077,53.4424621817972
N22161G,"Wilbraham Rd westbound approach at junction of Wilbraham Rd/Barlow Moor Rd, Manchester.",2020-11-07T13:40:17Z,0,41,25,32,-2.27492378120811,53.4424322149984,-2.27701353136077,53.4424621817972
N22161G,"Wilbraham Rd westbound approach at junction of Wilbraham Rd/Barlow Moor Rd, Manchester.",2020-11-07T13:41:19Z,0,41,25,32,-2.27492378120811,53.4424322149984,-2.27701353136077,53.4424621817972
N22161G,"Wilbraham Rd westbound approach at junction of Wilbraham Rd/Barlow Moor Rd, Manchester.",2020-11-07T13:42:18Z,0,41,25,32,-2.27492378120811,53.4424322149984,-2.27701353136077,53.4424621817972
N22161G,"Wilbraham Rd westbound approach at junction of Wilbraham Rd/Barlow Moor Rd, Manchester.",2020-11-07T13:43:14Z,0,41,25,32,-2.27492378120811,53.4424322149984,-2.27701353136077,53.4424621817972
N22161G,"Wilbraham Rd westbound approach at junction of Wilbraham Rd/Barlow Moor Rd, Manchester.",2020-11-07T13:44:15Z,0,45,25,22,-2.27492378120811,53.4424322149984,-2.27701353136077,53.4424621817972
N22161G,"Wilbraham Rd westbound approach at junction of Wilbraham Rd/Barlow Moor Rd, Manchester.",2020-11-07T13:45:14Z,0,45,25,22,-2.27492378120811,53.4424322149984,-2.27701353136077,53.4424621817972
N22161G,"Wilbraham Rd westbound approach at junction of Wilbraham Rd/Barlow Moor Rd, Manchester.",2020-11-07T13:46:15Z,0,45,25,22,-2.27492378120811,53.4424322149984,-2.27701353136077,53.4424621817972
N22161G,"Wilbraham Rd westbound approach at junction of Wilbraham Rd/Barlow Moor Rd, Manchester.",2020-11-07T13:47:24Z,0,45,25,22,-2.27492378120811,53.4424322149984,-2.27701353136077,53.4424621817972
N22161G,"Wilbraham Rd westbound approach at junction of Wilbraham Rd/Barlow Moor Rd, Manchester.",2020-11-07T13:48:16Z,0,45,25,22,-2.27492378120811,53.4424322149984,-2.27701353136077,53.4424621817972
N22161G,"Wilbraham Rd westbound approach at junction of Wilbraham Rd/Barlow Moor Rd, Manchester.",2020-11-07T13:49:14Z,0,45,25,22,-2.27492378120811,53.4424322149984,-2.27701353136077,53.4424621817972
N22161G,"Wilbraham Rd westbound approach at junction of Wilbraham Rd/Barlow Moor Rd, Manchester.",2020-11-07T13:50:15Z,0,45,25,22,-2.27492378120811,53.4424322149984,-2.27701353136077,53.4424621817972
N22161G,"Wilbraham Rd westbound approach at junction of Wilbraham Rd/Barlow Moor Rd, Manchester.",2020-11-07T13:51:14Z,0,45,25,22,-2.27492378120811,53.4424322149984,-2.27701353136077,53.4424621817972
N22161G,"Wilbraham Rd westbound approach at junction of Wilbraham Rd/Barlow Moor Rd, Manchester.",2020-11-07T13:52:15Z,0,45,25,22,-2.27492378120811,53.4424322149984,-2.27701353136077,53.4424621817972
N22161G,"Wilbraham Rd westbound approach at junction of Wilbraham Rd/Barlow Moor Rd, Manchester.",2020-11-07T13:53:14Z,0,45,25,22,-2.27492378120811,53.4424322149984,-2.27701353136077,53.4424621817972
N22161G,"Wilbraham Rd westbound approach at junction of Wilbraham Rd/Barlow Moor Rd, Manchester.",2020-11-07T13:54:17Z,0,45,25,22,-2.27492378120811,53.4424322149984,-2.27701353136077,53.4424621817972
N22161G,"Wilbraham Rd westbound approach at junction of Wilbraham Rd/Barlow Moor Rd, Manchester.",2020-11-07T13:55:17Z,0,45,25,22,-2.27492378120811,53.4424322149984,-2.27701353136077,53.4424621817972
N22161G,"Wilbraham Rd westbound approach at junction of Wilbraham Rd/Barlow Moor Rd, Manchester.",2020-11-07T13:56:14Z,0,45,25,22,-2.27492378120811,53.4424322149984,-2.27701353136077,53.4424621817972
N22161G,"Wilbraham Rd westbound approach at junction of Wilbraham Rd/Barlow Moor Rd, Manchester.",2020-11-07T13:57:17Z,22,73,11,40,-2.27492378120811,53.4424322149984,-2.27701353136077,53.4424621817972
N22161G,"Wilbraham Rd westbound approach at junction of Wilbraham Rd/Barlow Moor Rd, Manchester.",2020-11-07T13:58:18Z,22,73,11,40,-2.27492378120811,53.4424322149984,-2.27701353136077,53.4424621817972
N22161G,"Wilbraham Rd westbound approach at junction of Wilbraham Rd/Barlow Moor Rd, Manchester.",2020-11-07T13:59:16Z,22,73,11,40,-2.27492378120811,53.4424322149984,-2.27701353136077,53.4424621817972
N22161G,"Wilbraham Rd westbound approach at junction of Wilbraham Rd/Barlow Moor Rd, Manchester.",2020-11-07T14:00:17Z,22,73,11,40,-2.27492378120811,53.4424322149984,-2.27701353136077,53.4424621817972
N22161G,"Wilbraham Rd westbound approach at junction of Wilbraham Rd/Barlow Moor Rd, Manchester.",2020-11-07T14:01:18Z,22,73,11,40,-2.27492378120811,53.4424322149984,-2.27701353136077,53.4424621817972
N22161G,"Wilbraham Rd westbound approach at junction of Wilbraham Rd/Barlow Moor Rd, Manchester.",2020-11-07T14:02:21Z,22,73,11,40,-2.27492378120811,53.4424322149984,-2.27701353136077,53.4424621817972
N22161G,"Wilbraham Rd westbound approach at junction of Wilbraham Rd/Barlow Moor Rd, Manchester.",2020-11-07T14:03:17Z,22,73,11,40,-2.27492378120811,53.4424322149984,-2.27701353136077,53.4424621817972
N22161G,"Wilbraham Rd westbound approach at junction of Wilbraham Rd/Barlow Moor Rd, Manchester.",2020-11-07T14:04:19Z,0,52,22,28,-2.27492378120811,53.4424322149984,-2.27701353136077,53.4424621817972
N22161G,"Wilbraham Rd westbound approach at junction of Wilbraham Rd/Barlow Moor Rd, Manchester.",2020-11-07T14:05:17Z,0,52,22,28,-2.27492378120811,53.4424322149984,-2.27701353136077,53.4424621817972
N22161G,"Wilbraham Rd westbound approach at junction of Wilbraham Rd/Barlow Moor Rd, Manchester.",2020-11-07T14:06:19Z,0,52,22,28,-2.27492378120811,53.4424322149984,-2.27701353136077,53.4424621817972
N22161G,"Wilbraham Rd westbound approach at junction of Wilbraham Rd/Barlow Moor Rd, Manchester.",2020-11-07T14:07:16Z,0,52,22,28,-2.27492378120811,53.4424322149984,-2.27701353136077,53.4424621817972
N22161G,"Wilbraham Rd westbound approach at junction of Wilbraham Rd/Barlow Moor Rd, Manchester.",2020-11-07T14:08:16Z,0,52,22,28,-2.27492378120811,53.4424322149984,-2.27701353136077,53.4424621817972
N22161G,"Wilbraham Rd westbound approach at junction of Wilbraham Rd/Barlow Moor Rd, Manchester.",2020-11-07T14:09:18Z,0,47,28,22,-2.27492378120811,53.4424322149984,-2.27701353136077,53.4424621817972
N22161G,"Wilbraham Rd westbound approach at junction of Wilbraham Rd/Barlow Moor Rd, Manchester.",2020-11-07T14:10:16Z,0,47,28,22,-2.27492378120811,53.4424322149984,-2.27701353136077,53.4424621817972
N22161G,"Wilbraham Rd westbound approach at junction of Wilbraham Rd/Barlow Moor Rd, Manchester.",2020-11-07T14:11:15Z,0,47,28,22,-2.27492378120811,53.4424322149984,-2.27701353136077,53.4424621817972
N22161G,"Wilbraham Rd westbound approach at junction of Wilbraham Rd/Barlow Moor Rd, Manchester.",2020-11-07T14:12:14Z,0,47,28,22,-2.27492378120811,53.4424322149984,-2.27701353136077,53.4424621817972
N22161G,"Wilbraham Rd westbound approach at junction of Wilbraham Rd/Barlow Moor Rd, Manchester.",2020-11-07T14:13:14Z,0,47,28,22,-2.27492378120811,53.4424322149984,-2.27701353136077,53.4424621817972
N22161G,"Wilbraham Rd westbound approach at junction of Wilbraham Rd/Barlow Moor Rd, Manchester.",2020-11-07T14:14:20Z,0,47,28,22,-2.27492378120811,53.4424322149984,-2.27701353136077,53.4424621817972
N22161G,"Wilbraham Rd westbound approach at junction of Wilbraham Rd/Barlow Moor Rd, Manchester.",2020-11-07T14:16:14Z,0,47,28,22,-2.27492378120811,53.4424322149984,-2.27701353136077,53.4424621817972
N22161G,"Wilbraham Rd westbound approach at junction of Wilbraham Rd/Barlow Moor Rd, Manchester.",2020-11-07T14:17:15Z,0,47,28,22,-2.27492378120811,53.4424322149984,-2.27701353136077,53.4424621817972
N22161G,"Wilbraham Rd westbound approach at junction of Wilbraham Rd/Barlow Moor Rd, Manchester.",2020-11-07T14:18:16Z,0,47,28,22,-2.27492378120811,53.4424322149984,-2.27701353136077,53.4424621817972
N22161G,"Wilbraham Rd westbound approach at junction of Wilbraham Rd/Barlow Moor Rd, Manchester.",2020-11-07T14:19:15Z,0,47,28,22,-2.27492378120811,53.4424322149984,-2.27701353136077,53.4424621817972
N22161G,"Wilbraham Rd westbound approach at junction of Wilbraham Rd/Barlow Moor Rd, Manchester.",2020-11-07T14:20:15Z,0,47,28,22,-2.27492378120811,53.4424322149984,-2.27701353136077,53.4424621817972
N22161J,"Barlow Moor Rd northbound approach at junction of Wilbraham Rd/Barlow Moor Rd, Manchester.",2020-11-07T12:20:15Z,0,30,25,42,-2.27601359890321,53.4411423511573,-2.27716350975888,53.4423721902469
N22161J,"Barlow Moor Rd northbound approach at junction of Wilbraham Rd/Barlow Moor Rd, Manchester.",2020-11-07T12:21:18Z,0,30,25,42,-2.27601359890321,53.4411423511573,-2.27716350975888,53.4423721902469
N22161J,"Barlow Moor Rd northbound approach at junction of Wilbraham Rd/Barlow Moor Rd, Manchester.",2020-11-07T12:22:14Z,0,30,25,42,-2.27601359890321,53.4411423511573,-2.27716350975888,53.4423721902469
N22161J,"Barlow Moor Rd northbound approach at junction of Wilbraham Rd/Barlow Moor Rd, Manchester.",2020-11-07T12:23:16Z,0,30,25,42,-2.27601359890321,53.4411423511573,-2.27716350975888,53.4423721902469
N22161J,"Barlow Moor Rd northbound approach at junction of Wilbraham Rd/Barlow Moor Rd, Manchester.",2020-11-07T12:24:18Z,0,30,25,42,-2.27601359890321,53.4411423511573,-2.27716350975888,53.4423721902469
N22161J,"Barlow Moor Rd northbound approach at junction of Wilbraham Rd/Barlow Moor Rd, Manchester.",2020-11-07T12:25:19Z,0,30,25,42,-2.27601359890321,53.4411423511573,-2.27716350975888,53.4423721902469
N22161J,"Barlow Moor Rd northbound approach at junction of Wilbraham Rd/Barlow Moor Rd, Manchester.",2020-11-07T12:26:15Z,0,30,25,42,-2.27601359890321,53.4411423511573,-2.27716350975888,53.4423721902469
N22161J,"Barlow Moor Rd northbound approach at junction of Wilbraham Rd/Barlow Moor Rd, Manchester.",2020-11-07T12:27:16Z,0,30,25,42,-2.27601359890321,53.4411423511573,-2.27716350975888,53.4423721902469
N22161J,"Barlow Moor Rd northbound approach at junction of Wilbraham Rd/Barlow Moor Rd, Manchester.",2020-11-07T12:28:14Z,0,30,25,42,-2.27601359890321,53.4411423511573,-2.27716350975888,53.4423721902469
N22161J,"Barlow Moor Rd northbound approach at junction of Wilbraham Rd/Barlow Moor Rd, Manchester.",2020-11-07T12:29:16Z,0,30,25,42,-2.27601359890321,53.4411423511573,-2.27716350975888,53.4423721902469
N22161J,"Barlow Moor Rd northbound approach at junction of Wilbraham Rd/Barlow Moor Rd, Manchester.",2020-11-07T12:30:15Z,0,30,25,42,-2.27601359890321,53.4411423511573,-2.27716350975888,53.4423721902469
N22161J,"Barlow Moor Rd northbound approach at junction of Wilbraham Rd/Barlow Moor Rd, Manchester.",2020-11-07T12:31:16Z,0,30,25,42,-2.27601359890321,53.4411423511573,-2.27716350975888,53.4423721902469
N22161J,"Barlow Moor Rd northbound approach at junction of Wilbraham Rd/Barlow Moor Rd, Manchester.",2020-11-07T12:32:14Z,0,30,25,42,-2.27601359890321,53.4411423511573,-2.27716350975888,53.4423721902469
N22161J,"Barlow Moor Rd northbound approach at junction of Wilbraham Rd/Barlow Moor Rd, Manchester.",2020-11-07T12:33:14Z,0,30,25,42,-2.27601359890321,53.4411423511573,-2.27716350975888,53.4423721902469
N22161J,"Barlow Moor Rd northbound approach at junction of Wilbraham Rd/Barlow Moor Rd, Manchester.",2020-11-07T12:34:14Z,0,30,25,42,-2.27601359890321,53.4411423511573,-2.27716350975888,53.4423721902469
N22161J,"Barlow Moor Rd northbound approach at junction of Wilbraham Rd/Barlow Moor Rd, Manchester.",2020-11-07T12:35:17Z,0,30,25,42,-2.27601359890321,53.4411423511573,-2.27716350975888,53.4423721902469
N22161J,"Barlow Moor Rd northbound approach at junction of Wilbraham Rd/Barlow Moor Rd, Manchester.",2020-11-07T12:36:16Z,24,63,14,47,-2.27601359890321,53.4411423511573,-2.27716350975888,53.4423721902469
N22161J,"Barlow Moor Rd northbound approach at junction of Wilbraham Rd/Barlow Moor Rd, Manchester.",2020-11-07T12:37:16Z,24,63,14,47,-2.27601359890321,53.4411423511573,-2.27716350975888,53.4423721902469
N22161J,"Barlow Moor Rd northbound approach at junction of Wilbraham Rd/Barlow Moor Rd, Manchester.",2020-11-07T12:38:16Z,24,63,14,47,-2.27601359890321,53.4411423511573,-2.27716350975888,53.4423721902469
N22161J,"Barlow Moor Rd northbound approach at junction of Wilbraham Rd/Barlow Moor Rd, Manchester.",2020-11-07T12:39:18Z,24,63,14,47,-2.27601359890321,53.4411423511573,-2.27716350975888,53.4423721902469
N22161J,"Barlow Moor Rd northbound approach at junction of Wilbraham Rd/Barlow Moor Rd, Manchester.",2020-11-07T12:40:14Z,24,63,14,47,-2.27601359890321,53.4411423511573,-2.27716350975888,53.4423721902469
N22161J,"Barlow Moor Rd northbound approach at junction of Wilbraham Rd/Barlow Moor Rd, Manchester.",2020-11-07T12:41:15Z,24,63,14,47,-2.27601359890321,53.4411423511573,-2.27716350975888,53.4423721902469
N22161J,"Barlow Moor Rd northbound approach at junction of Wilbraham Rd/Barlow Moor Rd, Manchester.",2020-11-07T12:42:19Z,24,63,14,47,-2.27601359890321,53.4411423511573,-2.27716350975888,53.4423721902469
N22161J,"Barlow Moor Rd northbound approach at junction of Wilbraham Rd/Barlow Moor Rd, Manchester.",2020-11-07T12:43:19Z,24,63,14,47,-2.27601359890321,53.4411423511573,-2.27716350975888,53.4423721902469
N22161J,"Barlow Moor Rd northbound approach at junction of Wilbraham Rd/Barlow Moor Rd, Manchester.",2020-11-07T12:44:14Z,24,63,14,47,-2.27601359890321,53.4411423511573,-2.27716350975888,53.4423721902469
N22161J,"Barlow Moor Rd northbound approach at junction of Wilbraham Rd/Barlow Moor Rd, Manchester.",2020-11-07T12:45:15Z,24,63,14,47,-2.27601359890321,53.4411423511573,-2.27716350975888,53.4423721902469
N22161J,"Barlow Moor Rd northbound approach at junction of Wilbraham Rd/Barlow Moor Rd, Manchester.",2020-11-07T12:46:18Z,24,63,14,47,-2.27601359890321,53.4411423511573,-2.27716350975888,53.4423721902469
N22161J,"Barlow Moor Rd northbound approach at junction of Wilbraham Rd/Barlow Moor Rd, Manchester.",2020-11-07T12:47:32Z,24,63,14,47,-2.27601359890321,53.4411423511573,-2.27716350975888,53.4423721902469
N22161J,"Barlow Moor Rd northbound approach at junction of Wilbraham Rd/Barlow Moor Rd, Manchester.",2020-11-07T12:48:16Z,24,63,14,47,-2.27601359890321,53.4411423511573,-2.27716350975888,53.4423721902469
N22161J,"Barlow Moor Rd northbound approach at junction of Wilbraham Rd/Barlow Moor Rd, Manchester.",2020-11-07T12:49:15Z,24,63,14,47,-2.27601359890321,53.4411423511573,-2.27716350975888,53.4423721902469
N22161J,"Barlow Moor Rd northbound approach at junction of Wilbraham Rd/Barlow Moor Rd, Manchester.",2020-11-07T12:50:14Z,2,27,25,32,-2.27601359890321,53.4411423511573,-2.27716350975888,53.4423721902469
N22161J,"Barlow Moor Rd northbound approach at junction of Wilbraham Rd/Barlow Moor Rd, Manchester.",2020-11-07T12:51:14Z,2,27,25,32,-2.27601359890321,53.4411423511573,-2.27716350975888,53.4423721902469
N22161J,"Barlow Moor Rd northbound approach at junction of Wilbraham Rd/Barlow Moor Rd, Manchester.",2020-11-07T12:52:17Z,2,27,25,32,-2.27601359890321,53.4411423511573,-2.27716350975888,53.4423721902469
N22161J,"Barlow Moor Rd northbound approach at junction of Wilbraham Rd/Barlow Moor Rd, Manchester.",2020-11-07T12:53:15Z,2,27,25,32,-2.27601359890321,53.4411423511573,-2.27716350975888,53.4423721902469
N22161J,"Barlow Moor Rd northbound approach at junction of Wilbraham Rd/Barlow Moor Rd, Manchester.",2020-11-07T12:54:15Z,2,27,25,32,-2.27601359890321,53.4411423511573,-2.27716350975888,53.4423721902469
N22161J,"Barlow Moor Rd northbound approach at junction of Wilbraham Rd/Barlow Moor Rd, Manchester.",2020-11-07T12:55:16Z,2,27,25,32,-2.27601359890321,53.4411423511573,-2.27716350975888,53.4423721902469
N22161J,"Barlow Moor Rd northbound approach at junction of Wilbraham Rd/Barlow Moor Rd, Manchester.",2020-11-07T12:56:15Z,2,27,25,32,-2.27601359890321,53.4411423511573,-2.27716350975888,53.4423721902469
N22161J,"Barlow Moor Rd northbound approach at junction of Wilbraham Rd/Barlow Moor Rd, Manchester.",2020-11-07T12:57:15Z,2,27,25,32,-2.27601359890321,53.4411423511573,-2.27716350975888,53.4423721902469
N22161J,"Barlow Moor Rd northbound approach at junction of Wilbraham Rd/Barlow Moor Rd, Manchester.",2020-11-07T12:58:15Z,2,27,25,32,-2.27601359890321,53.4411423511573,-2.27716350975888,53.4423721902469
N22161J,"Barlow Moor Rd northbound approach at junction of Wilbraham Rd/Barlow Moor Rd, Manchester.",2020-11-07T12:59:14Z,2,27,25,32,-2.27601359890321,53.4411423511573,-2.27716350975888,53.4423721902469
N22161J,"Barlow Moor Rd northbound approach at junction of Wilbraham Rd/Barlow Moor Rd, Manchester.",2020-11-07T13:00:14Z,2,27,25,32,-2.27601359890321,53.4411423511573,-2.27716350975888,53.4423721902469
N22161J,"Barlow Moor Rd northbound approach at junction of Wilbraham Rd/Barlow Moor Rd, Manchester.",2020-11-07T13:01:15Z,2,27,25,32,-2.27601359890321,53.4411423511573,-2.27716350975888,53.4423721902469
N22161J,"Barlow Moor Rd northbound approach at junction of Wilbraham Rd/Barlow Moor Rd, Manchester.",2020-11-07T13:02:17Z,2,27,25,32,-2.27601359890321,53.4411423511573,-2.27716350975888,53.4423721902469
N22161J,"Barlow Moor Rd northbound approach at junction of Wilbraham Rd/Barlow Moor Rd, Manchester.",2020-11-07T13:03:18Z,2,27,25,32,-2.27601359890321,53.4411423511573,-2.27716350975888,53.4423721902469
N22161J,"Barlow Moor Rd northbound approach at junction of Wilbraham Rd/Barlow Moor Rd, Manchester.",2020-11-07T13:04:20Z,2,27,25,32,-2.27601359890321,53.4411423511573,-2.27716350975888,53.4423721902469
N22161J,"Barlow Moor Rd northbound approach at junction of Wilbraham Rd/Barlow Moor Rd, Manchester.",2020-11-07T13:05:15Z,2,27,25,32,-2.27601359890321,53.4411423511573,-2.27716350975888,53.4423721902469
N22161J,"Barlow Moor Rd northbound approach at junction of Wilbraham Rd/Barlow Moor Rd, Manchester.",2020-11-07T13:06:19Z,2,27,25,32,-2.27601359890321,53.4411423511573,-2.27716350975888,53.4423721902469
N22161J,"Barlow Moor Rd northbound approach at junction of Wilbraham Rd/Barlow Moor Rd, Manchester.",2020-11-07T13:07:15Z,2,27,25,32,-2.27601359890321,53.4411423511573,-2.27716350975888,53.4423721902469
N22161J,"Barlow Moor Rd northbound approach at junction of Wilbraham Rd/Barlow Moor Rd, Manchester.",2020-11-07T13:08:20Z,2,27,25,32,-2.27601359890321,53.4411423511573,-2.27716350975888,53.4423721902469
N22161J,"Barlow Moor Rd northbound approach at junction of Wilbraham Rd/Barlow Moor Rd, Manchester.",2020-11-07T13:09:16Z,2,27,25,32,-2.27601359890321,53.4411423511573,-2.27716350975888,53.4423721902469
N22161J,"Barlow Moor Rd northbound approach at junction of Wilbraham Rd/Barlow Moor Rd, Manchester.",2020-11-07T13:10:19Z,2,27,25,32,-2.27601359890321,53.4411423511573,-2.27716350975888,53.4423721902469
N22161J,"Barlow Moor Rd northbound approach at junction of Wilbraham Rd/Barlow Moor Rd, Manchester.",2020-11-07T13:11:17Z,2,27,25,32,-2.27601359890321,53.4411423511573,-2.27716350975888,53.4423721902469
N22161J,"Barlow Moor Rd northbound approach at junction of Wilbraham Rd/Barlow Moor Rd, Manchester.",2020-11-07T13:12:17Z,0,27,30,24,-2.27601359890321,53.4411423511573,-2.27716350975888,53.4423721902469
N22161J,"Barlow Moor Rd northbound approach at junction of Wilbraham Rd/Barlow Moor Rd, Manchester.",2020-11-07T13:13:16Z,0,27,30,24,-2.27601359890321,53.4411423511573,-2.27716350975888,53.4423721902469
N22161J,"Barlow Moor Rd northbound approach at junction of Wilbraham Rd/Barlow Moor Rd, Manchester.",2020-11-07T13:14:16Z,0,27,30,24,-2.27601359890321,53.4411423511573,-2.27716350975888,53.4423721902469
N22161J,"Barlow Moor Rd northbound approach at junction of Wilbraham Rd/Barlow Moor Rd, Manchester.",2020-11-07T13:15:14Z,0,27,30,24,-2.27601359890321,53.4411423511573,-2.27716350975888,53.4423721902469
N22161J,"Barlow Moor Rd northbound approach at junction of Wilbraham Rd/Barlow Moor Rd, Manchester.",2020-11-07T13:16:15Z,0,27,30,24,-2.27601359890321,53.4411423511573,-2.27716350975888,53.4423721902469
N22161J,"Barlow Moor Rd northbound approach at junction of Wilbraham Rd/Barlow Moor Rd, Manchester.",2020-11-07T13:17:14Z,0,27,30,24,-2.27601359890321,53.4411423511573,-2.27716350975888,53.4423721902469
N22161J,"Barlow Moor Rd northbound approach at junction of Wilbraham Rd/Barlow Moor Rd, Manchester.",2020-11-07T13:18:17Z,0,27,30,24,-2.27601359890321,53.4411423511573,-2.27716350975888,53.4423721902469
N22161J,"Barlow Moor Rd northbound approach at junction of Wilbraham Rd/Barlow Moor Rd, Manchester.",2020-11-07T13:19:16Z,4,54,22,31,-2.27601359890321,53.4411423511573,-2.27716350975888,53.4423721902469
N22161J,"Barlow Moor Rd northbound approach at junction of Wilbraham Rd/Barlow Moor Rd, Manchester.",2020-11-07T13:20:14Z,4,54,22,31,-2.27601359890321,53.4411423511573,-2.27716350975888,53.4423721902469
N22161J,"Barlow Moor Rd northbound approach at junction of Wilbraham Rd/Barlow Moor Rd, Manchester.",2020-11-07T13:21:14Z,4,54,22,31,-2.27601359890321,53.4411423511573,-2.27716350975888,53.4423721902469
N22161J,"Barlow Moor Rd northbound approach at junction of Wilbraham Rd/Barlow Moor Rd, Manchester.",2020-11-07T13:22:16Z,4,54,22,31,-2.27601359890321,53.4411423511573,-2.27716350975888,53.4423721902469
N22161J,"Barlow Moor Rd northbound approach at junction of Wilbraham Rd/Barlow Moor Rd, Manchester.",2020-11-07T13:23:15Z,4,54,22,31,-2.27601359890321,53.4411423511573,-2.27716350975888,53.4423721902469
N22161J,"Barlow Moor Rd northbound approach at junction of Wilbraham Rd/Barlow Moor Rd, Manchester.",2020-11-07T13:24:16Z,4,54,22,31,-2.27601359890321,53.4411423511573,-2.27716350975888,53.4423721902469
N22161J,"Barlow Moor Rd northbound approach at junction of Wilbraham Rd/Barlow Moor Rd, Manchester.",2020-11-07T13:25:15Z,4,54,22,31,-2.27601359890321,53.4411423511573,-2.27716350975888,53.4423721902469
N22161J,"Barlow Moor Rd northbound approach at junction of Wilbraham Rd/Barlow Moor Rd, Manchester.",2020-11-07T13:26:15Z,4,54,22,31,-2.27601359890321,53.4411423511573,-2.27716350975888,53.4423721902469
N22161J,"Barlow Moor Rd northbound approach at junction of Wilbraham Rd/Barlow Moor Rd, Manchester.",2020-11-07T13:27:15Z,4,54,22,31,-2.27601359890321,53.4411423511573,-2.27716350975888,53.4423721902469
N22161J,"Barlow Moor Rd northbound approach at junction of Wilbraham Rd/Barlow Moor Rd, Manchester.",2020-11-07T13:28:20Z,9,63,12,38,-2.27601359890321,53.4411423511573,-2.27716350975888,53.4423721902469
N22161J,"Barlow Moor Rd northbound approach at junction of Wilbraham Rd/Barlow Moor Rd, Manchester.",2020-11-07T13:29:14Z,9,63,12,38,-2.27601359890321,53.4411423511573,-2.27716350975888,53.4423721902469
N22161J,"Barlow Moor Rd northbound approach at junction of Wilbraham Rd/Barlow Moor Rd, Manchester.",2020-11-07T13:30:15Z,9,63,12,38,-2.27601359890321,53.4411423511573,-2.27716350975888,53.4423721902469
N22161J,"Barlow Moor Rd northbound approach at junction of Wilbraham Rd/Barlow Moor Rd, Manchester.",2020-11-07T13:31:14Z,9,63,12,38,-2.27601359890321,53.4411423511573,-2.27716350975888,53.4423721902469
N22161J,"Barlow Moor Rd northbound approach at junction of Wilbraham Rd/Barlow Moor Rd, Manchester.",2020-11-07T13:32:14Z,9,63,12,38,-2.27601359890321,53.4411423511573,-2.27716350975888,53.4423721902469
N22161J,"Barlow Moor Rd northbound approach at junction of Wilbraham Rd/Barlow Moor Rd, Manchester.",2020-11-07T13:33:17Z,9,63,12,38,-2.27601359890321,53.4411423511573,-2.27716350975888,53.4423721902469
N22161J,"Barlow Moor Rd northbound approach at junction of Wilbraham Rd/Barlow Moor Rd, Manchester.",2020-11-07T13:34:21Z,9,63,12,38,-2.27601359890321,53.4411423511573,-2.27716350975888,53.4423721902469
N22161J,"Barlow Moor Rd northbound approach at junction of Wilbraham Rd/Barlow Moor Rd, Manchester.",2020-11-07T13:35:19Z,0,49,22,23,-2.27601359890321,53.4411423511573,-2.27716350975888,53.4423721902469
N22161J,"Barlow Moor Rd northbound approach at junction of Wilbraham Rd/Barlow Moor Rd, Manchester.",2020-11-07T13:36:16Z,0,49,22,23,-2.27601359890321,53.4411423511573,-2.27716350975888,53.4423721902469
N22161J,"Barlow Moor Rd northbound approach at junction of Wilbraham Rd/Barlow Moor Rd, Manchester.",2020-11-07T13:37:17Z,0,49,22,23,-2.27601359890321,53.4411423511573,-2.27716350975888,53.4423721902469
N22161J,"Barlow Moor Rd northbound approach at junction of Wilbraham Rd/Barlow Moor Rd, Manchester.",2020-11-07T13:38:22Z,0,49,22,23,-2.27601359890321,53.4411423511573,-2.27716350975888,53.4423721902469
N22161J,"Barlow Moor Rd northbound approach at junction of Wilbraham Rd/Barlow Moor Rd, Manchester.",2020-11-07T13:39:19Z,0,49,22,23,-2.27601359890321,53.4411423511573,-2.27716350975888,53.4423721902469
N22161J,"Barlow Moor Rd northbound approach at junction of Wilbraham Rd/Barlow Moor Rd, Manchester.",2020-11-07T13:40:17Z,2,38,22,27,-2.27601359890321,53.4411423511573,-2.27716350975888,53.4423721902469
N22161J,"Barlow Moor Rd northbound approach at junction of Wilbraham Rd/Barlow Moor Rd, Manchester.",2020-11-07T13:41:19Z,2,38,22,27,-2.27601359890321,53.4411423511573,-2.27716350975888,53.4423721902469
N22161J,"Barlow Moor Rd northbound approach at junction of Wilbraham Rd/Barlow Moor Rd, Manchester.",2020-11-07T13:42:18Z,2,38,22,27,-2.27601359890321,53.4411423511573,-2.27716350975888,53.4423721902469
N22161J,"Barlow Moor Rd northbound approach at junction of Wilbraham Rd/Barlow Moor Rd, Manchester.",2020-11-07T13:43:14Z,2,38,22,27,-2.27601359890321,53.4411423511573,-2.27716350975888,53.4423721902469
N22161J,"Barlow Moor Rd northbound approach at junction of Wilbraham Rd/Barlow Moor Rd, Manchester.",2020-11-07T13:44:15Z,0,49,28,20,-2.27601359890321,53.4411423511573,-2.27716350975888,53.4423721902469
N22161J,"Barlow Moor Rd northbound approach at junction of Wilbraham Rd/Barlow Moor Rd, Manchester.",2020-11-07T13:45:14Z,0,49,28,20,-2.27601359890321,53.4411423511573,-2.27716350975888,53.4423721902469
N22161J,"Barlow Moor Rd northbound approach at junction of Wilbraham Rd/Barlow Moor Rd, Manchester.",2020-11-07T13:46:15Z,0,49,28,20,-2.27601359890321,53.4411423511573,-2.27716350975888,53.4423721902469
N22161J,"Barlow Moor Rd northbound approach at junction of Wilbraham Rd/Barlow Moor Rd, Manchester.",2020-11-07T13:47:24Z,0,49,28,20,-2.27601359890321,53.4411423511573,-2.27716350975888,53.4423721902469
N22161J,"Barlow Moor Rd northbound approach at junction of Wilbraham Rd/Barlow Moor Rd, Manchester.",2020-11-07T13:48:16Z,0,49,28,20,-2.27601359890321,53.4411423511573,-2.27716350975888,53.4423721902469
N22161J,"Barlow Moor Rd northbound approach at junction of Wilbraham Rd/Barlow Moor Rd, Manchester.",2020-11-07T13:49:14Z,0,49,28,20,-2.27601359890321,53.4411423511573,-2.27716350975888,53.4423721902469
N22161J,"Barlow Moor Rd northbound approach at junction of Wilbraham Rd/Barlow Moor Rd, Manchester.",2020-11-07T13:50:15Z,0,49,28,20,-2.27601359890321,53.4411423511573,-2.27716350975888,53.4423721902469
N22161J,"Barlow Moor Rd northbound approach at junction of Wilbraham Rd/Barlow Moor Rd, Manchester.",2020-11-07T13:51:14Z,0,49,28,20,-2.27601359890321,53.4411423511573,-2.27716350975888,53.4423721902469
N22161J,"Barlow Moor Rd northbound approach at junction of Wilbraham Rd/Barlow Moor Rd, Manchester.",2020-11-07T13:52:15Z,0,49,28,20,-2.27601359890321,53.4411423511573,-2.27716350975888,53.4423721902469
N22161J,"Barlow Moor Rd northbound approach at junction of Wilbraham Rd/Barlow Moor Rd, Manchester.",2020-11-07T13:53:14Z,0,49,28,20,-2.27601359890321,53.4411423511573,-2.27716350975888,53.4423721902469
N22161J,"Barlow Moor Rd northbound approach at junction of Wilbraham Rd/Barlow Moor Rd, Manchester.",2020-11-07T13:54:17Z,0,49,28,20,-2.27601359890321,53.4411423511573,-2.27716350975888,53.4423721902469
N22161J,"Barlow Moor Rd northbound approach at junction of Wilbraham Rd/Barlow Moor Rd, Manchester.",2020-11-07T13:55:17Z,0,49,28,20,-2.27601359890321,53.4411423511573,-2.27716350975888,53.4423721902469
N22161J,"Barlow Moor Rd northbound approach at junction of Wilbraham Rd/Barlow Moor Rd, Manchester.",2020-11-07T13:56:14Z,0,49,28,20,-2.27601359890321,53.4411423511573,-2.27716350975888,53.4423721902469
N22161J,"Barlow Moor Rd northbound approach at junction of Wilbraham Rd/Barlow Moor Rd, Manchester.",2020-11-07T13:57:17Z,0,38,22,31,-2.27601359890321,53.4411423511573,-2.27716350975888,53.4423721902469
N22161J,"Barlow Moor Rd northbound approach at junction of Wilbraham Rd/Barlow Moor Rd, Manchester.",2020-11-07T13:58:18Z,0,38,22,31,-2.27601359890321,53.4411423511573,-2.27716350975888,53.4423721902469
N22161J,"Barlow Moor Rd northbound approach at junction of Wilbraham Rd/Barlow Moor Rd, Manchester.",2020-11-07T13:59:16Z,0,38,22,31,-2.27601359890321,53.4411423511573,-2.27716350975888,53.4423721902469
N22161J,"Barlow Moor Rd northbound approach at junction of Wilbraham Rd/Barlow Moor Rd, Manchester.",2020-11-07T14:00:17Z,0,38,22,31,-2.27601359890321,53.4411423511573,-2.27716350975888,53.4423721902469
N22161J,"Barlow Moor Rd northbound approach at junction of Wilbraham Rd/Barlow Moor Rd, Manchester.",2020-11-07T14:01:18Z,0,38,22,31,-2.27601359890321,53.4411423511573,-2.27716350975888,53.4423721902469
N22161J,"Barlow Moor Rd northbound approach at junction of Wilbraham Rd/Barlow Moor Rd, Manchester.",2020-11-07T14:02:21Z,0,38,22,31,-2.27601359890321,53.4411423511573,-2.27716350975888,53.4423721902469
N22161J,"Barlow Moor Rd northbound approach at junction of Wilbraham Rd/Barlow Moor Rd, Manchester.",2020-11-07T14:03:17Z,0,38,22,31,-2.27601359890321,53.4411423511573,-2.27716350975888,53.4423721902469
N22161J,"Barlow Moor Rd northbound approach at junction of Wilbraham Rd/Barlow Moor Rd, Manchester.",2020-11-07T14:04:19Z,0,28,27,16,-2.27601359890321,53.4411423511573,-2.27716350975888,53.4423721902469
N22161J,"Barlow Moor Rd northbound approach at junction of Wilbraham Rd/Barlow Moor Rd, Manchester.",2020-11-07T14:05:17Z,0,28,27,16,-2.27601359890321,53.4411423511573,-2.27716350975888,53.4423721902469
N22161J,"Barlow Moor Rd northbound approach at junction of Wilbraham Rd/Barlow Moor Rd, Manchester.",2020-11-07T14:06:19Z,0,28,27,16,-2.27601359890321,53.4411423511573,-2.27716350975888,53.4423721902469
N22161J,"Barlow Moor Rd northbound approach at junction of Wilbraham Rd/Barlow Moor Rd, Manchester.",2020-11-07T14:07:16Z,0,28,27,16,-2.27601359890321,53.4411423511573,-2.27716350975888,53.4423721902469
N22161J,"Barlow Moor Rd northbound approach at junction of Wilbraham Rd/Barlow Moor Rd, Manchester.",2020-11-07T14:08:16Z,0,28,27,16,-2.27601359890321,53.4411423511573,-2.27716350975888,53.4423721902469
N22161J,"Barlow Moor Rd northbound approach at junction of Wilbraham Rd/Barlow Moor Rd, Manchester.",2020-11-07T14:09:18Z,20,45,20,41,-2.27601359890321,53.4411423511573,-2.27716350975888,53.4423721902469
N22161J,"Barlow Moor Rd northbound approach at junction of Wilbraham Rd/Barlow Moor Rd, Manchester.",2020-11-07T14:10:16Z,20,45,20,41,-2.27601359890321,53.4411423511573,-2.27716350975888,53.4423721902469
N22161J,"Barlow Moor Rd northbound approach at junction of Wilbraham Rd/Barlow Moor Rd, Manchester.",2020-11-07T14:11:15Z,20,45,20,41,-2.27601359890321,53.4411423511573,-2.27716350975888,53.4423721902469
N22161J,"Barlow Moor Rd northbound approach at junction of Wilbraham Rd/Barlow Moor Rd, Manchester.",2020-11-07T14:12:14Z,20,45,20,41,-2.27601359890321,53.4411423511573,-2.27716350975888,53.4423721902469
N22161J,"Barlow Moor Rd northbound approach at junction of Wilbraham Rd/Barlow Moor Rd, Manchester.",2020-11-07T14:13:14Z,20,45,20,41,-2.27601359890321,53.4411423511573,-2.27716350975888,53.4423721902469
N22161J,"Barlow Moor Rd northbound approach at junction of Wilbraham Rd/Barlow Moor Rd, Manchester.",2020-11-07T14:14:20Z,20,45,20,41,-2.27601359890321,53.4411423511573,-2.27716350975888,53.4423721902469
N22161J,"Barlow Moor Rd northbound approach at junction of Wilbraham Rd/Barlow Moor Rd, Manchester.",2020-11-07T14:16:14Z,20,45,20,41,-2.27601359890321,53.4411423511573,-2.27716350975888,53.4423721902469
N22161J,"Barlow Moor Rd northbound approach at junction of Wilbraham Rd/Barlow Moor Rd, Manchester.",2020-11-07T14:17:15Z,20,45,20,41,-2.27601359890321,53.4411423511573,-2.27716350975888,53.4423721902469
N22161J,"Barlow Moor Rd northbound approach at junction of Wilbraham Rd/Barlow Moor Rd, Manchester.",2020-11-07T14:18:16Z,20,45,20,41,-2.27601359890321,53.4411423511573,-2.27716350975888,53.4423721902469
N22161J,"Barlow Moor Rd northbound approach at junction of Wilbraham Rd/Barlow Moor Rd, Manchester.",2020-11-07T14:19:15Z,20,45,20,41,-2.27601359890321,53.4411423511573,-2.27716350975888,53.4423721902469
N22161J,"Barlow Moor Rd northbound approach at junction of Wilbraham Rd/Barlow Moor Rd, Manchester.",2020-11-07T14:20:15Z,20,45,20,41,-2.27601359890321,53.4411423511573,-2.27716350975888,53.4423721902469
N22161L,"Wilbraham Rd eastbound approach at junction of Wilbraham Rd/Barlow Moor Rd, Manchester.",2020-11-07T12:20:15Z,4,40,22,24,-2.28041312893448,53.4426121158996,-2.27740348730315,53.4425321680319
N22161L,"Wilbraham Rd eastbound approach at junction of Wilbraham Rd/Barlow Moor Rd, Manchester.",2020-11-07T12:21:18Z,4,40,22,24,-2.28041312893448,53.4426121158996,-2.27740348730315,53.4425321680319
N22161L,"Wilbraham Rd eastbound approach at junction of Wilbraham Rd/Barlow Moor Rd, Manchester.",2020-11-07T12:22:14Z,4,40,22,24,-2.28041312893448,53.4426121158996,-2.27740348730315,53.4425321680319
N22161L,"Wilbraham Rd eastbound approach at junction of Wilbraham Rd/Barlow Moor Rd, Manchester.",2020-11-07T12:23:16Z,4,40,22,24,-2.28041312893448,53.4426121158996,-2.27740348730315,53.4425321680319
N22161L,"Wilbraham Rd eastbound approach at junction of Wilbraham Rd/Barlow Moor Rd, Manchester.",2020-11-07T12:24:18Z,4,40,22,24,-2.28041312893448,53.4426121158996,-2.27740348730315,53.4425321680319
N22161L,"Wilbraham Rd eastbound approach at junction of Wilbraham Rd/Barlow Moor Rd, Manchester.",2020-11-07T12:25:19Z,4,40,22,24,-2.28041312893448,53.4426121158996,-2.27740348730315,53.4425321680319
N22161L,"Wilbraham Rd eastbound approach at junction of Wilbraham Rd/Barlow Moor Rd, Manchester.",2020-11-07T12:26:15Z,4,40,22,24,-2.28041312893448,53.4426121158996,-2.27740348730315,53.4425321680319
N22161L,"Wilbraham Rd eastbound approach at junction of Wilbraham Rd/Barlow Moor Rd, Manchester.",2020-11-07T12:27:16Z,4,40,22,24,-2.28041312893448,53.4426121158996,-2.27740348730315,53.4425321680319
N22161L,"Wilbraham Rd eastbound approach at junction of Wilbraham Rd/Barlow Moor Rd, Manchester.",2020-11-07T12:28:14Z,4,40,22,24,-2.28041312893448,53.4426121158996,-2.27740348730315,53.4425321680319
N22161L,"Wilbraham Rd eastbound approach at junction of Wilbraham Rd/Barlow Moor Rd, Manchester.",2020-11-07T12:29:16Z,4,40,22,24,-2.28041312893448,53.4426121158996,-2.27740348730315,53.4425321680319
N22161L,"Wilbraham Rd eastbound approach at junction of Wilbraham Rd/Barlow Moor Rd, Manchester.",2020-11-07T12:30:15Z,4,40,22,24,-2.28041312893448,53.4426121158996,-2.27740348730315,53.4425321680319
N22161L,"Wilbraham Rd eastbound approach at junction of Wilbraham Rd/Barlow Moor Rd, Manchester.",2020-11-07T12:31:16Z,4,40,22,24,-2.28041312893448,53.4426121158996,-2.27740348730315,53.4425321680319
N22161L,"Wilbraham Rd eastbound approach at junction of Wilbraham Rd/Barlow Moor Rd, Manchester.",2020-11-07T12:32:14Z,4,40,22,24,-2.28041312893448,53.4426121158996,-2.27740348730315,53.4425321680319
N22161L,"Wilbraham Rd eastbound approach at junction of Wilbraham Rd/Barlow Moor Rd, Manchester.",2020-11-07T12:33:14Z,4,40,22,24,-2.28041312893448,53.4426121158996,-2.27740348730315,53.4425321680319
N22161L,"Wilbraham Rd eastbound approach at junction of Wilbraham Rd/Barlow Moor Rd, Manchester.",2020-11-07T12:34:14Z,4,40,22,24,-2.28041312893448,53.4426121158996,-2.27740348730315,53.4425321680319
N22161L,"Wilbraham Rd eastbound approach at junction of Wilbraham Rd/Barlow Moor Rd, Manchester.",2020-11-07T12:35:17Z,4,40,22,24,-2.28041312893448,53.4426121158996,-2.27740348730315,53.4425321680319
N22161L,"Wilbraham Rd eastbound approach at junction of Wilbraham Rd/Barlow Moor Rd, Manchester.",2020-11-07T12:36:16Z,10,47,14,50,-2.28041312893448,53.4426121158996,-2.27740348730315,53.4425321680319
N22161L,"Wilbraham Rd eastbound approach at junction of Wilbraham Rd/Barlow Moor Rd, Manchester.",2020-11-07T12:37:16Z,10,47,14,50,-2.28041312893448,53.4426121158996,-2.27740348730315,53.4425321680319
N22161L,"Wilbraham Rd eastbound approach at junction of Wilbraham Rd/Barlow Moor Rd, Manchester.",2020-11-07T12:38:16Z,10,47,14,50,-2.28041312893448,53.4426121158996,-2.27740348730315,53.4425321680319
N22161L,"Wilbraham Rd eastbound approach at junction of Wilbraham Rd/Barlow Moor Rd, Manchester.",2020-11-07T12:39:18Z,10,47,14,50,-2.28041312893448,53.4426121158996,-2.27740348730315,53.4425321680319
N22161L,"Wilbraham Rd eastbound approach at junction of Wilbraham Rd/Barlow Moor Rd, Manchester.",2020-11-07T12:40:14Z,10,47,14,50,-2.28041312893448,53.4426121158996,-2.27740348730315,53.4425321680319
N22161L,"Wilbraham Rd eastbound approach at junction of Wilbraham Rd/Barlow Moor Rd, Manchester.",2020-11-07T12:41:15Z,10,47,14,50,-2.28041312893448,53.4426121158996,-2.27740348730315,53.4425321680319
N22161L,"Wilbraham Rd eastbound approach at junction of Wilbraham Rd/Barlow Moor Rd, Manchester.",2020-11-07T12:42:19Z,10,47,14,50,-2.28041312893448,53.4426121158996,-2.27740348730315,53.4425321680319
N22161L,"Wilbraham Rd eastbound approach at junction of Wilbraham Rd/Barlow Moor Rd, Manchester.",2020-11-07T12:43:19Z,10,47,14,50,-2.28041312893448,53.4426121158996,-2.27740348730315,53.4425321680319
N22161L,"Wilbraham Rd eastbound approach at junction of Wilbraham Rd/Barlow Moor Rd, Manchester.",2020-11-07T12:44:14Z,10,47,14,50,-2.28041312893448,53.4426121158996,-2.27740348730315,53.4425321680319
N22161L,"Wilbraham Rd eastbound approach at junction of Wilbraham Rd/Barlow Moor Rd, Manchester.",2020-11-07T12:45:15Z,10,47,14,50,-2.28041312893448,53.4426121158996,-2.27740348730315,53.4425321680319
N22161L,"Wilbraham Rd eastbound approach at junction of Wilbraham Rd/Barlow Moor Rd, Manchester.",2020-11-07T12:46:18Z,10,47,14,50,-2.28041312893448,53.4426121158996,-2.27740348730315,53.4425321680319
N22161L,"Wilbraham Rd eastbound approach at junction of Wilbraham Rd/Barlow Moor Rd, Manchester.",2020-11-07T12:47:32Z,10,47,14,50,-2.28041312893448,53.4426121158996,-2.27740348730315,53.4425321680319
N22161L,"Wilbraham Rd eastbound approach at junction of Wilbraham Rd/Barlow Moor Rd, Manchester.",2020-11-07T12:48:16Z,10,47,14,50,-2.28041312893448,53.4426121158996,-2.27740348730315,53.4425321680319
N22161L,"Wilbraham Rd eastbound approach at junction of Wilbraham Rd/Barlow Moor Rd, Manchester.",2020-11-07T12:49:15Z,10,47,14,50,-2.28041312893448,53.4426121158996,-2.27740348730315,53.4425321680319
N22161L,"Wilbraham Rd eastbound approach at junction of Wilbraham Rd/Barlow Moor Rd, Manchester.",2020-11-07T12:50:14Z,4,44,20,31,-2.28041312893448,53.4426121158996,-2.27740348730315,53.4425321680319
N22161L,"Wilbraham Rd eastbound approach at junction of Wilbraham Rd/Barlow Moor Rd, Manchester.",2020-11-07T12:51:14Z,4,44,20,31,-2.28041312893448,53.4426121158996,-2.27740348730315,53.4425321680319
N22161L,"Wilbraham Rd eastbound approach at junction of Wilbraham Rd/Barlow Moor Rd, Manchester.",2020-11-07T12:52:17Z,4,44,20,31,-2.28041312893448,53.4426121158996,-2.27740348730315,53.4425321680319
N22161L,"Wilbraham Rd eastbound approach at junction of Wilbraham Rd/Barlow Moor Rd, Manchester.",2020-11-07T12:53:15Z,4,44,20,31,-2.28041312893448,53.4426121158996,-2.27740348730315,53.4425321680319
N22161L,"Wilbraham Rd eastbound approach at junction of Wilbraham Rd/Barlow Moor Rd, Manchester.",2020-11-07T12:54:15Z,4,44,20,31,-2.28041312893448,53.4426121158996,-2.27740348730315,53.4425321680319
N22161L,"Wilbraham Rd eastbound approach at junction of Wilbraham Rd/Barlow Moor Rd, Manchester.",2020-11-07T12:55:16Z,4,44,20,31,-2.28041312893448,53.4426121158996,-2.27740348730315,53.4425321680319
N22161L,"Wilbraham Rd eastbound approach at junction of Wilbraham Rd/Barlow Moor Rd, Manchester.",2020-11-07T12:56:15Z,4,44,20,31,-2.28041312893448,53.4426121158996,-2.27740348730315,53.4425321680319
N22161L,"Wilbraham Rd eastbound approach at junction of Wilbraham Rd/Barlow Moor Rd, Manchester.",2020-11-07T12:57:15Z,4,44,20,31,-2.28041312893448,53.4426121158996,-2.27740348730315,53.4425321680319
N22161L,"Wilbraham Rd eastbound approach at junction of Wilbraham Rd/Barlow Moor Rd, Manchester.",2020-11-07T12:58:15Z,4,44,20,31,-2.28041312893448,53.4426121158996,-2.27740348730315,53.4425321680319
N22161L,"Wilbraham Rd eastbound approach at junction of Wilbraham Rd/Barlow Moor Rd, Manchester.",2020-11-07T12:59:14Z,4,44,20,31,-2.28041312893448,53.4426121158996,-2.27740348730315,53.4425321680319
N22161L,"Wilbraham Rd eastbound approach at junction of Wilbraham Rd/Barlow Moor Rd, Manchester.",2020-11-07T13:00:14Z,4,44,20,31,-2.28041312893448,53.4426121158996,-2.27740348730315,53.4425321680319
N22161L,"Wilbraham Rd eastbound approach at junction of Wilbraham Rd/Barlow Moor Rd, Manchester.",2020-11-07T13:01:15Z,4,44,20,31,-2.28041312893448,53.4426121158996,-2.27740348730315,53.4425321680319
N22161L,"Wilbraham Rd eastbound approach at junction of Wilbraham Rd/Barlow Moor Rd, Manchester.",2020-11-07T13:02:17Z,4,44,20,31,-2.28041312893448,53.4426121158996,-2.27740348730315,53.4425321680319
N22161L,"Wilbraham Rd eastbound approach at junction of Wilbraham Rd/Barlow Moor Rd, Manchester.",2020-11-07T13:03:18Z,4,44,20,31,-2.28041312893448,53.4426121158996,-2.27740348730315,53.4425321680319
N22161L,"Wilbraham Rd eastbound approach at junction of Wilbraham Rd/Barlow Moor Rd, Manchester.",2020-11-07T13:04:20Z,4,44,20,31,-2.28041312893448,53.4426121158996,-2.27740348730315,53.4425321680319
N22161L,"Wilbraham Rd eastbound approach at junction of Wilbraham Rd/Barlow Moor Rd, Manchester.",2020-11-07T13:05:15Z,4,44,20,31,-2.28041312893448,53.4426121158996,-2.27740348730315,53.4425321680319
N22161L,"Wilbraham Rd eastbound approach at junction of Wilbraham Rd/Barlow Moor Rd, Manchester.",2020-11-07T13:06:19Z,4,44,20,31,-2.28041312893448,53.4426121158996,-2.27740348730315,53.4425321680319
N22161L,"Wilbraham Rd eastbound approach at junction of Wilbraham Rd/Barlow Moor Rd, Manchester.",2020-11-07T13:07:15Z,4,44,20,31,-2.28041312893448,53.4426121158996,-2.27740348730315,53.4425321680319
N22161L,"Wilbraham Rd eastbound approach at junction of Wilbraham Rd/Barlow Moor Rd, Manchester.",2020-11-07T13:08:20Z,4,44,20,31,-2.28041312893448,53.4426121158996,-2.27740348730315,53.4425321680319
N22161L,"Wilbraham Rd eastbound approach at junction of Wilbraham Rd/Barlow Moor Rd, Manchester.",2020-11-07T13:09:16Z,4,44,20,31,-2.28041312893448,53.4426121158996,-2.27740348730315,53.4425321680319
N22161L,"Wilbraham Rd eastbound approach at junction of Wilbraham Rd/Barlow Moor Rd, Manchester.",2020-11-07T13:10:19Z,4,44,20,31,-2.28041312893448,53.4426121158996,-2.27740348730315,53.4425321680319
N22161L,"Wilbraham Rd eastbound approach at junction of Wilbraham Rd/Barlow Moor Rd, Manchester.",2020-11-07T13:11:17Z,4,44,20,31,-2.28041312893448,53.4426121158996,-2.27740348730315,53.4425321680319
N22161L,"Wilbraham Rd eastbound approach at junction of Wilbraham Rd/Barlow Moor Rd, Manchester.",2020-11-07T13:12:17Z,13,44,19,18,-2.28041312893448,53.4426121158996,-2.27740348730315,53.4425321680319
N22161L,"Wilbraham Rd eastbound approach at junction of Wilbraham Rd/Barlow Moor Rd, Manchester.",2020-11-07T13:13:16Z,13,44,19,18,-2.28041312893448,53.4426121158996,-2.27740348730315,53.4425321680319
N22161L,"Wilbraham Rd eastbound approach at junction of Wilbraham Rd/Barlow Moor Rd, Manchester.",2020-11-07T13:14:16Z,13,44,19,18,-2.28041312893448,53.4426121158996,-2.27740348730315,53.4425321680319
N22161L,"Wilbraham Rd eastbound approach at junction of Wilbraham Rd/Barlow Moor Rd, Manchester.",2020-11-07T13:15:14Z,13,44,19,18,-2.28041312893448,53.4426121158996,-2.27740348730315,53.4425321680319
N22161L,"Wilbraham Rd eastbound approach at junction of Wilbraham Rd/Barlow Moor Rd, Manchester.",2020-11-07T13:16:15Z,13,44,19,18,-2.28041312893448,53.4426121158996,-2.27740348730315,53.4425321680319
N22161L,"Wilbraham Rd eastbound approach at junction of Wilbraham Rd/Barlow Moor Rd, Manchester.",2020-11-07T13:17:14Z,13,44,19,18,-2.28041312893448,53.4426121158996,-2.27740348730315,53.4425321680319
N22161L,"Wilbraham Rd eastbound approach at junction of Wilbraham Rd/Barlow Moor Rd, Manchester.",2020-11-07T13:18:17Z,13,44,19,18,-2.28041312893448,53.4426121158996,-2.27740348730315,53.4425321680319
N22161L,"Wilbraham Rd eastbound approach at junction of Wilbraham Rd/Barlow Moor Rd, Manchester.",2020-11-07T13:19:16Z,30,59,14,51,-2.28041312893448,53.4426121158996,-2.27740348730315,53.4425321680319
N22161L,"Wilbraham Rd eastbound approach at junction of Wilbraham Rd/Barlow Moor Rd, Manchester.",2020-11-07T13:20:14Z,30,59,14,51,-2.28041312893448,53.4426121158996,-2.27740348730315,53.4425321680319
N22161L,"Wilbraham Rd eastbound approach at junction of Wilbraham Rd/Barlow Moor Rd, Manchester.",2020-11-07T13:21:14Z,30,59,14,51,-2.28041312893448,53.4426121158996,-2.27740348730315,53.4425321680319
N22161L,"Wilbraham Rd eastbound approach at junction of Wilbraham Rd/Barlow Moor Rd, Manchester.",2020-11-07T13:22:16Z,30,59,14,51,-2.28041312893448,53.4426121158996,-2.27740348730315,53.4425321680319
N22161L,"Wilbraham Rd eastbound approach at junction of Wilbraham Rd/Barlow Moor Rd, Manchester.",2020-11-07T13:23:15Z,30,59,14,51,-2.28041312893448,53.4426121158996,-2.27740348730315,53.4425321680319
N22161L,"Wilbraham Rd eastbound approach at junction of Wilbraham Rd/Barlow Moor Rd, Manchester.",2020-11-07T13:24:16Z,30,59,14,51,-2.28041312893448,53.4426121158996,-2.27740348730315,53.4425321680319
N22161L,"Wilbraham Rd eastbound approach at junction of Wilbraham Rd/Barlow Moor Rd, Manchester.",2020-11-07T13:25:15Z,30,59,14,51,-2.28041312893448,53.4426121158996,-2.27740348730315,53.4425321680319
N22161L,"Wilbraham Rd eastbound approach at junction of Wilbraham Rd/Barlow Moor Rd, Manchester.",2020-11-07T13:26:15Z,30,59,14,51,-2.28041312893448,53.4426121158996,-2.27740348730315,53.4425321680319
N22161L,"Wilbraham Rd eastbound approach at junction of Wilbraham Rd/Barlow Moor Rd, Manchester.",2020-11-07T13:27:15Z,30,59,14,51,-2.28041312893448,53.4426121158996,-2.27740348730315,53.4425321680319
N22161L,"Wilbraham Rd eastbound approach at junction of Wilbraham Rd/Barlow Moor Rd, Manchester.",2020-11-07T13:28:20Z,22,43,12,39,-2.28041312893448,53.4426121158996,-2.27740348730315,53.4425321680319
N22161L,"Wilbraham Rd eastbound approach at junction of Wilbraham Rd/Barlow Moor Rd, Manchester.",2020-11-07T13:29:14Z,22,43,12,39,-2.28041312893448,53.4426121158996,-2.27740348730315,53.4425321680319
N22161L,"Wilbraham Rd eastbound approach at junction of Wilbraham Rd/Barlow Moor Rd, Manchester.",2020-11-07T13:30:15Z,22,43,12,39,-2.28041312893448,53.4426121158996,-2.27740348730315,53.4425321680319
N22161L,"Wilbraham Rd eastbound approach at junction of Wilbraham Rd/Barlow Moor Rd, Manchester.",2020-11-07T13:31:14Z,22,43,12,39,-2.28041312893448,53.4426121158996,-2.27740348730315,53.4425321680319
N22161L,"Wilbraham Rd eastbound approach at junction of Wilbraham Rd/Barlow Moor Rd, Manchester.",2020-11-07T13:32:14Z,22,43,12,39,-2.28041312893448,53.4426121158996,-2.27740348730315,53.4425321680319
N22161L,"Wilbraham Rd eastbound approach at junction of Wilbraham Rd/Barlow Moor Rd, Manchester.",2020-11-07T13:33:17Z,22,43,12,39,-2.28041312893448,53.4426121158996,-2.27740348730315,53.4425321680319
N22161L,"Wilbraham Rd eastbound approach at junction of Wilbraham Rd/Barlow Moor Rd, Manchester.",2020-11-07T13:34:21Z,22,43,12,39,-2.28041312893448,53.4426121158996,-2.27740348730315,53.4425321680319
N22161L,"Wilbraham Rd eastbound approach at junction of Wilbraham Rd/Barlow Moor Rd, Manchester.",2020-11-07T13:35:19Z,1,34,22,25,-2.28041312893448,53.4426121158996,-2.27740348730315,53.4425321680319
N22161L,"Wilbraham Rd eastbound approach at junction of Wilbraham Rd/Barlow Moor Rd, Manchester.",2020-11-07T13:36:16Z,1,34,22,25,-2.28041312893448,53.4426121158996,-2.27740348730315,53.4425321680319
N22161L,"Wilbraham Rd eastbound approach at junction of Wilbraham Rd/Barlow Moor Rd, Manchester.",2020-11-07T13:37:17Z,1,34,22,25,-2.28041312893448,53.4426121158996,-2.27740348730315,53.4425321680319
N22161L,"Wilbraham Rd eastbound approach at junction of Wilbraham Rd/Barlow Moor Rd, Manchester.",2020-11-07T13:38:22Z,1,34,22,25,-2.28041312893448,53.4426121158996,-2.27740348730315,53.4425321680319
N22161L,"Wilbraham Rd eastbound approach at junction of Wilbraham Rd/Barlow Moor Rd, Manchester.",2020-11-07T13:39:19Z,1,34,22,25,-2.28041312893448,53.4426121158996,-2.27740348730315,53.4425321680319
N22161L,"Wilbraham Rd eastbound approach at junction of Wilbraham Rd/Barlow Moor Rd, Manchester.",2020-11-07T13:40:17Z,17,39,22,42,-2.28041312893448,53.4426121158996,-2.27740348730315,53.4425321680319
N22161L,"Wilbraham Rd eastbound approach at junction of Wilbraham Rd/Barlow Moor Rd, Manchester.",2020-11-07T13:41:19Z,17,39,22,42,-2.28041312893448,53.4426121158996,-2.27740348730315,53.4425321680319
N22161L,"Wilbraham Rd eastbound approach at junction of Wilbraham Rd/Barlow Moor Rd, Manchester.",2020-11-07T13:42:18Z,17,39,22,42,-2.28041312893448,53.4426121158996,-2.27740348730315,53.4425321680319
N22161L,"Wilbraham Rd eastbound approach at junction of Wilbraham Rd/Barlow Moor Rd, Manchester.",2020-11-07T13:43:14Z,17,39,22,42,-2.28041312893448,53.4426121158996,-2.27740348730315,53.4425321680319
N22161L,"Wilbraham Rd eastbound approach at junction of Wilbraham Rd/Barlow Moor Rd, Manchester.",2020-11-07T13:44:15Z,1,34,12,26,-2.28041312893448,53.4426121158996,-2.27740348730315,53.4425321680319
N22161L,"Wilbraham Rd eastbound approach at junction of Wilbraham Rd/Barlow Moor Rd, Manchester.",2020-11-07T13:45:14Z,1,34,12,26,-2.28041312893448,53.4426121158996,-2.27740348730315,53.4425321680319
N22161L,"Wilbraham Rd eastbound approach at junction of Wilbraham Rd/Barlow Moor Rd, Manchester.",2020-11-07T13:46:15Z,1,34,12,26,-2.28041312893448,53.4426121158996,-2.27740348730315,53.4425321680319
N22161L,"Wilbraham Rd eastbound approach at junction of Wilbraham Rd/Barlow Moor Rd, Manchester.",2020-11-07T13:47:24Z,1,34,12,26,-2.28041312893448,53.4426121158996,-2.27740348730315,53.4425321680319
N22161L,"Wilbraham Rd eastbound approach at junction of Wilbraham Rd/Barlow Moor Rd, Manchester.",2020-11-07T13:48:16Z,1,34,12,26,-2.28041312893448,53.4426121158996,-2.27740348730315,53.4425321680319
N22161L,"Wilbraham Rd eastbound approach at junction of Wilbraham Rd/Barlow Moor Rd, Manchester.",2020-11-07T13:49:14Z,1,34,12,26,-2.28041312893448,53.4426121158996,-2.27740348730315,53.4425321680319
N22161L,"Wilbraham Rd eastbound approach at junction of Wilbraham Rd/Barlow Moor Rd, Manchester.",2020-11-07T13:50:15Z,1,34,12,26,-2.28041312893448,53.4426121158996,-2.27740348730315,53.4425321680319
N22161L,"Wilbraham Rd eastbound approach at junction of Wilbraham Rd/Barlow Moor Rd, Manchester.",2020-11-07T13:51:14Z,1,34,12,26,-2.28041312893448,53.4426121158996,-2.27740348730315,53.4425321680319
N22161L,"Wilbraham Rd eastbound approach at junction of Wilbraham Rd/Barlow Moor Rd, Manchester.",2020-11-07T13:52:15Z,1,34,12,26,-2.28041312893448,53.4426121158996,-2.27740348730315,53.4425321680319
N22161L,"Wilbraham Rd eastbound approach at junction of Wilbraham Rd/Barlow Moor Rd, Manchester.",2020-11-07T13:53:14Z,1,34,12,26,-2.28041312893448,53.4426121158996,-2.27740348730315,53.4425321680319
N22161L,"Wilbraham Rd eastbound approach at junction of Wilbraham Rd/Barlow Moor Rd, Manchester.",2020-11-07T13:54:17Z,1,34,12,26,-2.28041312893448,53.4426121158996,-2.27740348730315,53.4425321680319
N22161L,"Wilbraham Rd eastbound approach at junction of Wilbraham Rd/Barlow Moor Rd, Manchester.",2020-11-07T13:55:17Z,1,34,12,26,-2.28041312893448,53.4426121158996,-2.27740348730315,53.4425321680319
N22161L,"Wilbraham Rd eastbound approach at junction of Wilbraham Rd/Barlow Moor Rd, Manchester.",2020-11-07T13:56:14Z,1,34,12,26,-2.28041312893448,53.4426121158996,-2.27740348730315,53.4425321680319
N22161L,"Wilbraham Rd eastbound approach at junction of Wilbraham Rd/Barlow Moor Rd, Manchester.",2020-11-07T13:57:17Z,17,46,14,31,-2.28041312893448,53.4426121158996,-2.27740348730315,53.4425321680319
N22161L,"Wilbraham Rd eastbound approach at junction of Wilbraham Rd/Barlow Moor Rd, Manchester.",2020-11-07T13:58:18Z,17,46,14,31,-2.28041312893448,53.4426121158996,-2.27740348730315,53.4425321680319
N22161L,"Wilbraham Rd eastbound approach at junction of Wilbraham Rd/Barlow Moor Rd, Manchester.",2020-11-07T13:59:16Z,17,46,14,31,-2.28041312893448,53.4426121158996,-2.27740348730315,53.4425321680319
N22161L,"Wilbraham Rd eastbound approach at junction of Wilbraham Rd/Barlow Moor Rd, Manchester.",2020-11-07T14:00:17Z,17,46,14,31,-2.28041312893448,53.4426121158996,-2.27740348730315,53.4425321680319
N22161L,"Wilbraham Rd eastbound approach at junction of Wilbraham Rd/Barlow Moor Rd, Manchester.",2020-11-07T14:01:18Z,17,46,14,31,-2.28041312893448,53.4426121158996,-2.27740348730315,53.4425321680319
N22161L,"Wilbraham Rd eastbound approach at junction of Wilbraham Rd/Barlow Moor Rd, Manchester.",2020-11-07T14:02:21Z,17,46,14,31,-2.28041312893448,53.4426121158996,-2.27740348730315,53.4425321680319
N22161L,"Wilbraham Rd eastbound approach at junction of Wilbraham Rd/Barlow Moor Rd, Manchester.",2020-11-07T14:03:17Z,17,46,14,31,-2.28041312893448,53.4426121158996,-2.27740348730315,53.4425321680319
N22161L,"Wilbraham Rd eastbound approach at junction of Wilbraham Rd/Barlow Moor Rd, Manchester.",2020-11-07T14:04:19Z,18,46,11,38,-2.28041312893448,53.4426121158996,-2.27740348730315,53.4425321680319
N22161L,"Wilbraham Rd eastbound approach at junction of Wilbraham Rd/Barlow Moor Rd, Manchester.",2020-11-07T14:05:17Z,18,46,11,38,-2.28041312893448,53.4426121158996,-2.27740348730315,53.4425321680319
N22161L,"Wilbraham Rd eastbound approach at junction of Wilbraham Rd/Barlow Moor Rd, Manchester.",2020-11-07T14:06:19Z,18,46,11,38,-2.28041312893448,53.4426121158996,-2.27740348730315,53.4425321680319
N22161L,"Wilbraham Rd eastbound approach at junction of Wilbraham Rd/Barlow Moor Rd, Manchester.",2020-11-07T14:07:16Z,18,46,11,38,-2.28041312893448,53.4426121158996,-2.27740348730315,53.4425321680319
N22161L,"Wilbraham Rd eastbound approach at junction of Wilbraham Rd/Barlow Moor Rd, Manchester.",2020-11-07T14:08:16Z,18,46,11,38,-2.28041312893448,53.4426121158996,-2.27740348730315,53.4425321680319
N22161L,"Wilbraham Rd eastbound approach at junction of Wilbraham Rd/Barlow Moor Rd, Manchester.",2020-11-07T14:09:18Z,6,55,19,23,-2.28041312893448,53.4426121158996,-2.27740348730315,53.4425321680319
N22161L,"Wilbraham Rd eastbound approach at junction of Wilbraham Rd/Barlow Moor Rd, Manchester.",2020-11-07T14:10:16Z,6,55,19,23,-2.28041312893448,53.4426121158996,-2.27740348730315,53.4425321680319
N22161L,"Wilbraham Rd eastbound approach at junction of Wilbraham Rd/Barlow Moor Rd, Manchester.",2020-11-07T14:11:15Z,6,55,19,23,-2.28041312893448,53.4426121158996,-2.27740348730315,53.4425321680319
N22161L,"Wilbraham Rd eastbound approach at junction of Wilbraham Rd/Barlow Moor Rd, Manchester.",2020-11-07T14:12:14Z,6,55,19,23,-2.28041312893448,53.4426121158996,-2.27740348730315,53.4425321680319
N22161L,"Wilbraham Rd eastbound approach at junction of Wilbraham Rd/Barlow Moor Rd, Manchester.",2020-11-07T14:13:14Z,6,55,19,23,-2.28041312893448,53.4426121158996,-2.27740348730315,53.4425321680319
N22161L,"Wilbraham Rd eastbound approach at junction of Wilbraham Rd/Barlow Moor Rd, Manchester.",2020-11-07T14:14:20Z,6,55,19,23,-2.28041312893448,53.4426121158996,-2.27740348730315,53.4425321680319
N22161L,"Wilbraham Rd eastbound approach at junction of Wilbraham Rd/Barlow Moor Rd, Manchester.",2020-11-07T14:16:14Z,6,55,19,23,-2.28041312893448,53.4426121158996,-2.27740348730315,53.4425321680319
N22161L,"Wilbraham Rd eastbound approach at junction of Wilbraham Rd/Barlow Moor Rd, Manchester.",2020-11-07T14:17:15Z,6,55,19,23,-2.28041312893448,53.4426121158996,-2.27740348730315,53.4425321680319
N22161L,"Wilbraham Rd eastbound approach at junction of Wilbraham Rd/Barlow Moor Rd, Manchester.",2020-11-07T14:18:16Z,6,55,19,23,-2.28041312893448,53.4426121158996,-2.27740348730315,53.4425321680319
N22161L,"Wilbraham Rd eastbound approach at junction of Wilbraham Rd/Barlow Moor Rd, Manchester.",2020-11-07T14:19:15Z,6,55,19,23,-2.28041312893448,53.4426121158996,-2.27740348730315,53.4425321680319
N22161L,"Wilbraham Rd eastbound approach at junction of Wilbraham Rd/Barlow Moor Rd, Manchester.",2020-11-07T14:20:15Z,6,55,19,23,-2.28041312893448,53.4426121158996,-2.27740348730315,53.4425321680319
